item_order,participantID,age,sex,list,itemID,item,is_correct,response,correctness,answeing_time,target_sentence_position,number_of_propositions,condition,plausibility,arithmetic,task,r10_equationID,r10_response,r10_rt,r20_equationID,r20_response,r20_rt,r30_equationID,r30_response,r30_rt,r40_equationID,r40_response,r40_rt,comment,r10_is_correct,r10_correctness,r20_is_correct,r20_correctness,r30_is_correct,r30_correctness,r40_is_correct,r40_correctness,eq_acc_trial,eq_n_trial
83,24804720,51,female,B,8642,482,J,J,1,2064,first,three,ExperienerSubject,plausible,1digit_2addition,single_task,the,NA,NA,*,NA,NA,*,NA,NA,*,NA,NA,NULL,NA,NA,NA,NA,NA,NA,NA,NA,NA,0
86,24804720,51,female,B,12601,521,F,F,1,1936,first,three,ExperienerSubject,implausible,1digit_2addition,single_task,the,NA,NA,*,NA,NA,*,NA,NA,*,NA,NA,NULL,NA,NA,NA,NA,NA,NA,NA,NA,NA,0
43,24804720,51,female,B,7922,82,J,J,1,2866,first,three,Passive,implausible,1digit_2addition,noisy_single_task,x965,NA,NA,x966,NA,NA,x967,NA,NA,*,NA,NA,NULL,13,NA,6,NA,8,NA,NA,NA,NA,0
82,24804720,51,female,B,8641,481,J,J,1,3816,first,three,ExperienerSubject,plausible,1digit_2addition,noisy_single_task,x3861,NA,NA,x3862,NA,NA,x3863,NA,NA,*,NA,NA,NULL,13,NA,10,NA,10,NA,NA,NA,NA,0
85,24804720,51,female,B,12582,502,F,F,1,1710,third,three,ExperienerSubject,implausible,1digit_2addition,noisy_single_task,x9405,NA,NA,x9406,NA,NA,x9407,NA,NA,*,NA,NA,NULL,8,NA,16,NA,8,NA,NA,NA,NA,0
44,24804720,51,female,B,7941,101,J,J,1,3088,second,three,Passive,implausible,1digit_2addition,single_task,kicked,NA,NA,*,NA,NA,*,NA,NA,*,NA,NA,NULL,NA,NA,NA,NA,NA,NA,NA,NA,NA,0
63,24804720,51,female,B,12042,282,F,F,1,3114,third,three,DativeConstruction,plausible,1digit_2addition,dual_task,x7225,6,3393,x7226,14,2469,x7227,16,2066,*,NA,NA,NULL,6,1,14,1,16,1,NA,NA,1,3
39,24804720,51,female,B,11562,42,F,F,1,1861,third,three,Transitive,plausible,1digit_2addition,dual_task,x5305,11,3370,x5306,15,2307,x5307,10,3073,*,NA,NA,NULL,11,1,15,1,10,1,NA,NA,1,3
87,24804720,51,female,B,12522,522,F,F,1,1730,third,three,ExperienerSubject,plausible,1digit_2addition,dual_task,x9165,4,2312,x9166,16,2362,x9167,10,2811,*,NA,NA,NULL,4,1,16,1,10,1,NA,NA,1,3
60,24804720,51,female,B,12101,261,F,F,1,3224,third,three,DativeConstruction,implausible,1digit_2addition,dual_task,x7461,11,2825,x7462,7,2253,x7463,11,3269,x7464,8,3600,NULL,11,1,7,1,11,1,8,1,1,4
42,24804720,51,female,B,7921,81,J,J,1,7303,first,three,Passive,implausible,1digit_2addition,dual_task,x961,13,3622,x962,6,3019,x963,10,2841,*,8,3600,NULL,13,1,6,1,10,1,NA,NA,1,3
49,24804720,51,female,B,11822,142,F,F,1,2615,first,three,Passive,implausible,1digit_2addition,noisy_single_task,x6345,NA,NA,x6346,NA,NA,x6347,NA,NA,*,8,3600,NULL,9,NA,14,NA,12,NA,NA,NA,NA,0
48,24804720,51,female,B,11821,141,F,F,1,2453,first,three,Passive,implausible,1digit_2addition,dual_task,x6341,13,2039,x6342,6,1860,x6343,11,2512,*,8,3600,NULL,13,1,6,1,11,1,NA,NA,1,3
41,24804720,51,female,B,11582,62,F,F,1,1864,first,three,Transitive,plausible,1digit_2addition,single_task,the,NA,NA,*,NA,NA,*,NA,NA,*,8,3600,NULL,NA,NA,NA,NA,NA,NA,NA,NA,NA,0
35,24804720,51,female,B,7682,2,J,J,1,1628,first,three,Transitive,plausible,1digit_2addition,single_task,the,NA,NA,*,NA,NA,*,NA,NA,*,8,3600,NULL,NA,NA,NA,NA,NA,NA,NA,NA,NA,0
37,24804720,51,female,B,11622,22,F,F,1,1607,third,three,Transitive,implausible,1digit_2addition,noisy_single_task,x5545,NA,NA,x5546,NA,NA,x5547,NA,NA,*,8,3600,NULL,12,NA,15,NA,6,NA,NA,NA,NA,0
46,24804720,51,female,B,7881,121,J,J,1,1883,second,three,Passive,plausible,1digit_2addition,noisy_single_task,x801,NA,NA,x802,NA,NA,x803,NA,NA,*,8,3600,NULL,15,NA,11,NA,4,NA,NA,NA,NA,0
89,24804720,51,female,B,12542,542,F,F,1,3530,first,three,ExperienerSubject,plausible,1digit_2addition,single_task,the,NA,NA,*,NA,NA,*,NA,NA,*,8,3600,NULL,NA,NA,NA,NA,NA,NA,NA,NA,NA,0
45,24804720,51,female,B,7862,102,J,F,0,3476,first,three,Passive,plausible,1digit_2addition,dual_task,x725,15,2003,x726,11,2083,x727,14,2888,*,8,3600,NULL,15,1,11,1,14,1,NA,NA,1,3
61,24804720,51,female,B,12102,262,F,F,1,4038,third,three,DativeConstruction,implausible,1digit_2addition,noisy_single_task,x7466,NA,NA,x7467,NA,NA,x7468,NA,NA,x7469,8,3600,NULL,9,NA,9,NA,13,NA,5,NA,NA,0
84,24804720,51,female,B,12581,501,F,F,1,2205,third,three,ExperienerSubject,implausible,1digit_2addition,dual_task,x9401,16,2012,x9402,7,1764,x9403,7,3957,*,8,3600,NULL,16,1,7,1,7,1,NA,NA,1,3
36,24804720,51,female,B,11621,21,F,F,1,1359,third,three,Transitive,implausible,1digit_2addition,dual_task,x5541,13,2223,x5542,6,1836,x5543,11,2162,*,8,3600,NULL,13,1,6,1,11,1,NA,NA,1,3
38,24804720,51,female,B,11641,41,F,F,1,1552,first,three,Transitive,implausible,1digit_2addition,single_task,the,NA,NA,*,NA,NA,*,NA,NA,*,8,3600,NULL,NA,NA,NA,NA,NA,NA,NA,NA,NA,0
34,24804720,51,female,B,7681,1,J,J,1,1258,first,three,Transitive,plausible,1digit_2addition,noisy_single_task,x1,NA,NA,x2,NA,NA,x3,NA,NA,*,8,3600,NULL,8,NA,6,NA,13,NA,NA,NA,NA,0
47,24804720,51,female,B,7882,122,J,J,1,3222,second,three,Passive,plausible,1digit_2addition,single_task,bent,NA,NA,*,NA,NA,*,NA,NA,*,8,3600,NULL,NA,NA,NA,NA,NA,NA,NA,NA,NA,0
65,24804720,51,female,B,12062,302,F,F,1,2710,first,three,DativeConstruction,plausible,1digit_2addition,single_task,the,NA,NA,chemist.,NA,NA,*,NA,NA,*,8,3600,NULL,NA,NA,NA,NA,NA,NA,NA,NA,NA,0
62,24804720,51,female,B,12121,281,F,F,1,1752,first,three,DativeConstruction,implausible,1digit_2addition,single_task,the,NA,NA,patrolman.,NA,NA,*,NA,NA,*,8,3600,NULL,NA,NA,NA,NA,NA,NA,NA,NA,NA,0
40,24804720,51,female,B,11581,61,F,F,1,1343,first,three,Transitive,plausible,1digit_2addition,noisy_single_task,x5381,NA,NA,x5382,NA,NA,x5383,NA,NA,*,8,3600,NULL,14,NA,15,NA,15,NA,NA,NA,NA,0
59,24804720,51,female,B,8162,242,J,J,1,2839,first,three,DativeConstruction,plausible,1digit_2addition,single_task,the,NA,NA,surfer.,NA,NA,*,NA,NA,*,8,3600,NULL,NA,NA,NA,NA,NA,NA,NA,NA,NA,0
64,24804720,51,female,B,12061,301,F,F,1,3265,first,three,DativeConstruction,plausible,1digit_2addition,noisy_single_task,x7301,NA,NA,x7302,NA,NA,x7303,NA,NA,*,8,3600,NULL,4,NA,18,NA,6,NA,NA,NA,NA,0
88,24804720,51,female,B,12541,541,F,F,1,1505,first,three,ExperienerSubject,plausible,1digit_2addition,noisy_single_task,x9241,NA,NA,x9242,NA,NA,x9243,NA,NA,*,8,3600,NULL,9,NA,6,NA,11,NA,NA,NA,NA,0
58,24804720,51,female,B,8161,241,J,J,1,2438,first,three,DativeConstruction,plausible,1digit_2addition,noisy_single_task,x1921,NA,NA,x1922,NA,NA,x1923,NA,NA,*,8,3600,NULL,8,NA,8,NA,10,NA,NA,NA,NA,0
38,97107295,26,male,A,11561,41,F,F,1,2646,third,three,Transitive,plausible,1digit_2addition,dual_task,x5301,9,2437,x5302,10,2535,x5303,10,1942,*,NA,NA,NULL,9,1,10,1,10,1,NA,NA,1,3
65,97107295,26,male,A,8302,302,J,J,1,4178,second,three,DativeConstruction,implausible,1digit_2addition,dual_task,x2505,13,2052,x2506,6,1736,x2507,12,2101,*,NA,NA,NULL,13,1,6,1,12,1,NA,NA,1,3
43,97107295,26,male,A,7922,82,J,J,1,3504,first,three,Passive,implausible,1digit_2addition,single_task,leper,NA,NA,*,NA,NA,*,NA,NA,*,NA,NA,NULL,NA,NA,NA,NA,NA,NA,NA,NA,NA,0
63,97107295,26,male,A,12042,282,F,F,1,9172,third,three,DativeConstruction,plausible,1digit_2addition,noisy_single_task,x7225,NA,NA,x7226,NA,NA,x7227,NA,NA,*,NA,NA,NULL,6,NA,14,NA,16,NA,NA,NA,NA,0
82,97107295,26,male,A,8641,481,J,J,1,2258,first,three,ExperienerSubject,plausible,1digit_2addition,single_task,the,NA,NA,*,NA,NA,*,NA,NA,*,NA,NA,NULL,NA,NA,NA,NA,NA,NA,NA,NA,NA,0
87,97107295,26,male,A,12522,522,F,F,1,2047,third,three,ExperienerSubject,plausible,1digit_2addition,noisy_single_task,x9165,NA,NA,x9166,NA,NA,x9167,NA,NA,*,NA,NA,NULL,4,NA,16,NA,10,NA,NA,NA,NA,0
88,97107295,26,male,A,12541,541,F,F,1,3746,first,three,ExperienerSubject,plausible,1digit_2addition,single_task,the,NA,NA,*,NA,NA,*,NA,NA,*,NA,NA,NULL,NA,NA,NA,NA,NA,NA,NA,NA,NA,0
49,97107295,26,male,A,11822,142,F,F,1,3260,first,three,Passive,implausible,1digit_2addition,single_task,stableman,NA,NA,*,NA,NA,*,NA,NA,*,NA,NA,NULL,NA,NA,NA,NA,NA,NA,NA,NA,NA,0
47,97107295,26,male,A,11802,122,F,J,0,3466,third,three,Passive,implausible,1digit_2addition,dual_task,x6265,14,2230,x6266,10,2364,x6267,6,2069,*,NA,NA,NULL,14,1,10,1,6,1,NA,NA,1,3
46,97107295,26,male,A,7881,121,J,J,1,2146,second,three,Passive,plausible,1digit_2addition,single_task,assembled,NA,NA,*,NA,NA,*,NA,NA,*,NA,NA,NULL,NA,NA,NA,NA,NA,NA,NA,NA,NA,0
85,97107295,26,male,A,12582,502,F,F,1,4108,third,three,ExperienerSubject,implausible,1digit_2addition,single_task,the,NA,NA,*,NA,NA,*,NA,NA,*,NA,NA,NULL,NA,NA,NA,NA,NA,NA,NA,NA,NA,0
64,97107295,26,male,A,12061,301,F,F,1,5048,first,three,DativeConstruction,plausible,1digit_2addition,single_task,the,NA,NA,actuary.,NA,NA,*,NA,NA,*,NA,NA,NULL,NA,NA,NA,NA,NA,NA,NA,NA,NA,0
36,97107295,26,male,A,11621,21,F,F,1,2011,third,three,Transitive,implausible,1digit_2addition,noisy_single_task,x5541,NA,NA,x5542,NA,NA,x5543,NA,NA,*,NA,NA,NULL,13,NA,6,NA,11,NA,NA,NA,NA,0
42,97107295,26,male,A,7921,81,J,J,1,4912,first,three,Passive,implausible,1digit_2addition,noisy_single_task,x961,NA,NA,x962,NA,NA,x963,NA,NA,*,NA,NA,NULL,13,NA,6,NA,10,NA,NA,NA,NA,0
45,97107295,26,male,A,7862,102,J,F,0,4262,first,three,Passive,plausible,1digit_2addition,noisy_single_task,x725,NA,NA,x726,NA,NA,x727,NA,NA,*,NA,NA,NULL,15,NA,11,NA,14,NA,NA,NA,NA,0
84,97107295,26,male,A,12581,501,F,F,1,2382,third,three,ExperienerSubject,implausible,1digit_2addition,noisy_single_task,x9401,NA,NA,x9402,NA,NA,x9403,NA,NA,*,NA,NA,NULL,16,NA,7,NA,7,NA,NA,NA,NA,0
44,97107295,26,male,A,7861,101,J,J,1,2258,first,three,Passive,plausible,1digit_2addition,dual_task,x721,17,1823,x722,6,1284,x723,15,1362,*,NA,NA,NULL,17,1,6,1,15,1,NA,NA,1,3
41,97107295,26,male,A,7822,62,J,J,1,1934,second,three,Transitive,implausible,1digit_2addition,dual_task,x565,13,1357,x566,6,1190,x567,10,1395,*,NA,NA,NULL,13,1,6,1,10,1,NA,NA,1,3
40,97107295,26,male,A,11581,61,F,F,1,1763,first,three,Transitive,plausible,1digit_2addition,single_task,the,NA,NA,*,NA,NA,*,NA,NA,*,NA,NA,NULL,NA,NA,NA,NA,NA,NA,NA,NA,NA,0
89,97107295,26,male,A,8782,542,J,F,0,3232,second,three,ExperienerSubject,implausible,1digit_2addition,dual_task,x4425,7,999,x4426,11,1347,x4427,13,1131,*,NA,NA,NULL,7,1,11,1,13,1,NA,NA,1,3
58,97107295,26,male,A,8161,241,J,J,1,4767,first,three,DativeConstruction,plausible,1digit_2addition,single_task,the,NA,NA,mariner.,NA,NA,*,NA,NA,*,NA,NA,NULL,NA,NA,NA,NA,NA,NA,NA,NA,NA,0
48,97107295,26,male,A,11821,141,F,F,1,2462,first,three,Passive,implausible,1digit_2addition,noisy_single_task,x6341,NA,NA,x6342,NA,NA,x6343,NA,NA,*,NA,NA,NULL,13,NA,6,NA,11,NA,NA,NA,NA,0
39,97107295,26,male,A,11562,42,F,F,1,1478,third,three,Transitive,plausible,1digit_2addition,noisy_single_task,x5305,NA,NA,x5306,NA,NA,x5307,NA,NA,*,NA,NA,NULL,11,NA,15,NA,10,NA,NA,NA,NA,0
62,97107295,26,male,A,12041,281,F,F,1,6132,third,three,DativeConstruction,plausible,1digit_2addition,dual_task,x7221,17,1299,x7222,6,1061,x7223,11,1282,*,NA,NA,NULL,17,1,6,1,11,1,NA,NA,1,3
60,97107295,26,male,A,12101,261,F,F,1,2198,third,three,DativeConstruction,implausible,1digit_2addition,noisy_single_task,x7461,NA,NA,x7462,NA,NA,x7463,NA,NA,x7464,NA,NA,NULL,11,NA,7,NA,11,NA,8,NA,NA,0
34,97107295,26,male,A,7681,1,J,J,1,1323,first,three,Transitive,plausible,1digit_2addition,single_task,the,NA,NA,*,NA,NA,*,NA,NA,*,NA,NA,NULL,NA,NA,NA,NA,NA,NA,NA,NA,NA,0
59,97107295,26,male,A,12082,242,F,J,0,2124,second,three,DativeConstruction,implausible,1digit_2addition,dual_task,x7385,10,1263,x7386,15,2004,x7387,9,1487,*,NA,NA,NULL,10,1,15,1,9,1,NA,NA,1,3
37,97107295,26,male,A,11622,22,F,F,1,1506,third,three,Transitive,implausible,1digit_2addition,single_task,the,NA,NA,*,NA,NA,*,NA,NA,*,NA,NA,NULL,NA,NA,NA,NA,NA,NA,NA,NA,NA,0
86,97107295,26,male,A,12521,521,F,F,1,1683,third,three,ExperienerSubject,plausible,1digit_2addition,dual_task,x9161,14,986,x9162,9,919,x9163,13,2434,*,NA,NA,NULL,14,1,9,1,13,1,NA,NA,1,3
61,97107295,26,male,A,12102,262,F,F,1,4295,third,three,DativeConstruction,implausible,1digit_2addition,single_task,the,NA,NA,assignment,NA,NA,*,NA,NA,*,NA,NA,NULL,NA,NA,NA,NA,NA,NA,NA,NA,NA,0
41,29502961,35,female,L,7822,62,J,J,1,2933,second,three,Transitive,implausible,1digit_2addition,noisy_single_task,x565,NA,NA,x566,NA,NA,x567,NA,NA,*,NA,NA,NULL,13,NA,6,NA,10,NA,NA,NA,NA,0
34,29502961,35,female,L,11601,1,F,F,1,9646,second,three,Transitive,implausible,1digit_2addition,dual_task,x5461,8,3143,x5462,16,4200,x5463,11,2986,*,NA,NA,NULL,8,1,16,1,11,1,NA,NA,1,3
62,29502961,35,female,L,12041,281,F,J,0,4772,third,three,DativeConstruction,plausible,1digit_2addition,noisy_single_task,x7221,NA,NA,x7222,NA,NA,x7223,NA,NA,*,NA,NA,NULL,17,NA,6,NA,11,NA,NA,NA,NA,0
87,29502961,35,female,L,12522,522,F,F,1,2876,third,three,ExperienerSubject,plausible,1digit_2addition,single_task,the,NA,NA,*,NA,NA,*,NA,NA,*,NA,NA,NULL,NA,NA,NA,NA,NA,NA,NA,NA,NA,0
37,29502961,35,female,L,11542,22,F,J,0,5708,second,three,Transitive,plausible,1digit_2addition,dual_task,x5225,10,3843,x5226,12,4283,x5227,7,2959,*,NA,NA,NULL,10,1,12,1,7,1,NA,NA,1,3
63,29502961,35,female,L,12042,282,F,F,1,5945,third,three,DativeConstruction,plausible,1digit_2addition,single_task,the,NA,NA,students.,NA,NA,*,NA,NA,*,NA,NA,NULL,NA,NA,NA,NA,NA,NA,NA,NA,NA,0
43,29502961,35,female,L,7842,82,J,J,1,3806,third,three,Passive,plausible,1digit_2addition,dual_task,x645,14,8836,x646,11,3871,x647,9,3479,*,NA,NA,NULL,14,1,11,1,9,1,NA,NA,1,3
84,29502961,35,female,L,12581,501,F,F,1,6769,third,three,ExperienerSubject,implausible,1digit_2addition,single_task,the,NA,NA,*,NA,NA,*,NA,NA,*,NA,NA,NULL,NA,NA,NA,NA,NA,NA,NA,NA,NA,0
85,29502961,35,female,L,12502,502,F,F,1,3778,second,three,ExperienerSubject,plausible,1digit_2addition,dual_task,x9085,17,3878,x9086,12,3561,x9087,11,3685,*,NA,NA,NULL,17,1,12,1,11,1,NA,NA,1,3
82,29502961,35,female,L,12561,481,F,F,1,4226,second,three,ExperienerSubject,implausible,1digit_2addition,dual_task,x9321,7,3232,x9322,12,4254,x9323,8,3272,*,NA,NA,NULL,7,1,12,1,8,1,NA,NA,1,3
44,29502961,35,female,L,7861,101,J,J,1,4360,first,three,Passive,plausible,1digit_2addition,noisy_single_task,x721,NA,NA,x722,NA,NA,x723,NA,NA,*,NA,NA,NULL,17,NA,6,NA,15,NA,NA,NA,NA,0
46,29502961,35,female,L,11801,121,F,F,1,5864,third,three,Passive,implausible,1digit_2addition,dual_task,x6261,8,3577,x6262,14,4203,x6263,8,3671,*,NA,NA,NULL,8,1,14,1,8,1,NA,NA,1,3
35,29502961,35,female,L,11602,2,F,F,1,5211,second,three,Transitive,implausible,1digit_2addition,noisy_single_task,x5465,NA,NA,x5466,NA,NA,x5467,NA,NA,*,NA,NA,NULL,10,NA,6,NA,11,NA,NA,NA,NA,0
48,29502961,35,female,L,11821,141,F,F,1,7571,first,three,Passive,implausible,1digit_2addition,single_task,poacher,NA,NA,*,NA,NA,*,NA,NA,*,NA,NA,NULL,NA,NA,NA,NA,NA,NA,NA,NA,NA,0
47,29502961,35,female,L,11802,122,F,F,1,5127,third,three,Passive,implausible,1digit_2addition,noisy_single_task,x6265,NA,NA,x6266,NA,NA,x6267,NA,NA,*,NA,NA,NULL,14,NA,10,NA,6,NA,NA,NA,NA,0
40,29502961,35,female,L,7821,61,J,J,1,2012,second,three,Transitive,implausible,1digit_2addition,dual_task,x561,12,3675,x562,11,3230,x563,8,3366,*,NA,NA,NULL,12,1,11,1,8,1,NA,NA,1,3
59,29502961,35,female,L,12082,242,F,F,1,9675,second,three,DativeConstruction,implausible,1digit_2addition,noisy_single_task,x7385,NA,NA,x7386,NA,NA,x7387,NA,NA,*,NA,NA,NULL,10,NA,15,NA,9,NA,NA,NA,NA,0
65,29502961,35,female,L,8302,302,J,J,1,3241,second,three,DativeConstruction,implausible,1digit_2addition,noisy_single_task,x2505,NA,NA,x2506,NA,NA,x2507,NA,NA,*,NA,NA,NULL,13,NA,6,NA,12,NA,NA,NA,NA,0
89,29502961,35,female,L,8782,542,J,J,1,2631,second,three,ExperienerSubject,implausible,1digit_2addition,noisy_single_task,x4425,NA,NA,x4426,NA,NA,x4427,NA,NA,*,NA,NA,NULL,7,NA,11,NA,13,NA,NA,NA,NA,0
61,29502961,35,female,L,12022,262,F,J,0,6623,second,three,DativeConstruction,plausible,1digit_2addition,dual_task,x7145,14,4113,x7146,13,4261,x7147,7,3044,*,NA,NA,NULL,14,1,13,1,7,1,NA,NA,1,3
86,29502961,35,female,L,12521,521,F,F,1,2178,third,three,ExperienerSubject,plausible,1digit_2addition,noisy_single_task,x9161,NA,NA,x9162,NA,NA,x9163,NA,NA,*,NA,NA,NULL,14,NA,9,NA,13,NA,NA,NA,NA,0
42,29502961,35,female,L,7921,81,J,J,1,3196,first,three,Passive,implausible,1digit_2addition,single_task,patrolman,NA,NA,*,NA,NA,*,NA,NA,*,NA,NA,NULL,NA,NA,NA,NA,NA,NA,NA,NA,NA,0
36,29502961,35,female,L,11621,21,F,F,1,2469,third,three,Transitive,implausible,1digit_2addition,single_task,the,NA,NA,*,NA,NA,*,NA,NA,*,NA,NA,NULL,NA,NA,NA,NA,NA,NA,NA,NA,NA,0
38,29502961,35,female,L,11561,41,F,F,1,2778,third,three,Transitive,plausible,1digit_2addition,noisy_single_task,x5301,NA,NA,x5302,NA,NA,x5303,NA,NA,*,NA,NA,NULL,9,NA,10,NA,10,NA,NA,NA,NA,0
83,29502961,35,female,L,12562,482,F,F,1,3728,second,three,ExperienerSubject,implausible,1digit_2addition,noisy_single_task,x9325,NA,NA,x9326,NA,NA,x9327,NA,NA,*,NA,NA,NULL,2,NA,11,NA,5,NA,NA,NA,NA,0
88,29502961,35,female,L,8781,541,J,J,1,3821,second,three,ExperienerSubject,implausible,1digit_2addition,dual_task,x4421,13,4811,x4422,10,5608,x4423,11,3984,*,NA,NA,NULL,13,1,10,1,11,1,NA,NA,1,3
45,29502961,35,female,L,7862,102,J,J,1,1986,first,three,Passive,plausible,1digit_2addition,single_task,character,NA,NA,*,NA,NA,*,NA,NA,*,NA,NA,NULL,NA,NA,NA,NA,NA,NA,NA,NA,NA,0
58,29502961,35,female,L,12081,241,F,J,0,5402,second,three,DativeConstruction,implausible,1digit_2addition,dual_task,x7381,7,4053,x7382,2,2630,x7383,7,3187,*,NA,NA,NULL,7,1,2,1,7,1,NA,NA,1,3
49,29502961,35,female,L,11742,142,F,F,1,5397,third,three,Passive,plausible,1digit_2addition,dual_task,x6025,10,3413,x6026,12,3079,x6027,8,2650,*,NA,NA,NULL,10,1,12,1,8,1,NA,NA,1,3
39,29502961,35,female,L,11562,42,F,F,1,5048,third,three,Transitive,plausible,1digit_2addition,single_task,the,NA,NA,*,NA,NA,*,NA,NA,*,NA,NA,NULL,NA,NA,NA,NA,NA,NA,NA,NA,NA,0
60,29502961,35,female,L,12101,261,F,F,1,4770,third,three,DativeConstruction,implausible,1digit_2addition,single_task,the,NA,NA,money,NA,NA,*,NA,NA,*,NA,NA,NULL,NA,NA,NA,NA,NA,NA,NA,NA,NA,0
49,9631236,37,male,D,7902,142,J,J,1,1537,third,three,Passive,plausible,1digit_2addition,single_task,the,NA,NA,*,NA,NA,*,NA,NA,*,NA,NA,NULL,NA,NA,NA,NA,NA,NA,NA,NA,NA,0
87,9631236,37,male,D,12602,522,F,J,0,1712,first,three,ExperienerSubject,implausible,1digit_2addition,noisy_single_task,x9485,NA,NA,x9486,NA,NA,x9487,NA,NA,*,NA,NA,NULL,13,NA,7,NA,11,NA,NA,NA,NA,0
88,9631236,37,male,D,12621,541,F,F,1,4564,second,three,ExperienerSubject,implausible,1digit_2addition,single_task,the,NA,NA,*,NA,NA,*,NA,NA,*,NA,NA,NULL,NA,NA,NA,NA,NA,NA,NA,NA,NA,0
86,9631236,37,male,D,12601,521,F,J,0,6136,first,three,ExperienerSubject,implausible,1digit_2addition,dual_task,x9481,10,2244,x9482,2,1069,x9483,7,948,*,NA,NA,NULL,10,1,2,1,7,1,NA,NA,1,3
41,9631236,37,male,D,11582,62,F,J,0,3080,first,three,Transitive,plausible,1digit_2addition,dual_task,x5385,9,1002,x5386,12,1764,x5387,10,1351,*,NA,NA,NULL,9,1,12,1,10,1,NA,NA,1,3
60,9631236,37,male,D,8181,261,J,J,1,3327,second,three,DativeConstruction,plausible,1digit_2addition,noisy_single_task,x2001,NA,NA,x2002,NA,NA,x2003,NA,NA,*,NA,NA,NULL,10,NA,16,NA,7,NA,NA,NA,NA,0
59,9631236,37,male,D,8162,242,J,J,1,3339,first,three,DativeConstruction,plausible,1digit_2addition,dual_task,x1925,14,1520,x1926,15,1771,x1927,3,1082,*,NA,NA,NULL,14,1,15,1,3,1,NA,NA,1,3
42,9631236,37,male,D,11681,81,F,F,1,3246,third,three,Passive,plausible,1digit_2addition,noisy_single_task,x5781,NA,NA,x5782,NA,NA,x5783,NA,NA,*,NA,NA,NULL,13,NA,13,NA,4,NA,NA,NA,NA,0
82,9631236,37,male,D,8721,481,J,J,1,1857,second,three,ExperienerSubject,implausible,1digit_2addition,single_task,the,NA,NA,*,NA,NA,*,NA,NA,*,NA,NA,NULL,NA,NA,NA,NA,NA,NA,NA,NA,NA,0
45,9631236,37,male,D,7942,102,J,J,1,1904,second,three,Passive,implausible,1digit_2addition,noisy_single_task,x1045,NA,NA,x1046,NA,NA,x1047,NA,NA,*,NA,NA,NULL,11,NA,13,NA,17,NA,NA,NA,NA,0
34,9631236,37,male,D,7761,1,J,J,1,2024,second,three,Transitive,implausible,1digit_2addition,single_task,the,NA,NA,*,NA,NA,*,NA,NA,*,NA,NA,NULL,NA,NA,NA,NA,NA,NA,NA,NA,NA,0
63,9631236,37,male,D,12122,282,F,No Response,0,1.77145E+12,first,three,DativeConstruction,implausible,1digit_2addition,noisy_single_task,x7565,NA,NA,x7566,NA,NA,x7567,NA,NA,*,NA,NA,NULL,9,NA,9,NA,6,NA,NA,NA,NA,0
46,9631236,37,male,D,7961,121,J,J,1,2036,third,three,Passive,implausible,1digit_2addition,single_task,the,NA,NA,*,NA,NA,*,NA,NA,*,NA,NA,NULL,NA,NA,NA,NA,NA,NA,NA,NA,NA,0
44,9631236,37,male,D,7941,101,J,F,0,5668,second,three,Passive,implausible,1digit_2addition,dual_task,x1041,12,1168,x1042,4,1800,x1043,11,1189,*,NA,NA,NULL,12,1,4,1,11,1,NA,NA,1,3
35,9631236,37,male,D,7682,2,J,J,1,2131,first,three,Transitive,plausible,1digit_2addition,dual_task,x5,8,999,x6,10,2375,x7,12,1087,*,NA,NA,NULL,8,1,10,1,12,1,NA,NA,1,3
65,9631236,37,male,D,12062,302,F,F,1,4008,first,three,DativeConstruction,plausible,1digit_2addition,dual_task,x7305,15,1529,x7306,12,1284,x7307,9,1047,*,NA,NA,NULL,15,1,12,1,9,1,NA,NA,1,3
39,9631236,37,male,D,11642,42,F,J,0,6718,first,three,Transitive,implausible,1digit_2addition,noisy_single_task,x5625,NA,NA,x5626,NA,NA,x5627,NA,NA,*,NA,NA,NULL,10,NA,5,NA,8,NA,NA,NA,NA,0
36,9631236,37,male,D,7701,21,J,J,1,1307,second,three,Transitive,plausible,1digit_2addition,noisy_single_task,x81,NA,NA,x82,NA,NA,x83,NA,NA,*,NA,NA,NULL,6,NA,7,NA,10,NA,NA,NA,NA,0
48,9631236,37,male,D,7901,141,J,J,1,2069,third,three,Passive,plausible,1digit_2addition,noisy_single_task,x881,NA,NA,x882,NA,NA,x883,NA,NA,*,NA,NA,NULL,14,NA,6,NA,8,NA,NA,NA,NA,0
38,9631236,37,male,D,11641,41,F,F,1,4091,first,three,Transitive,implausible,1digit_2addition,dual_task,x5621,11,1087,x5622,11,1474,x5623,8,917,*,NA,NA,NULL,11,1,11,1,8,1,NA,NA,1,3
64,9631236,37,male,D,12141,301,F,F,1,6130,second,three,DativeConstruction,implausible,1digit_2addition,single_task,the,NA,NA,groom.,NA,NA,*,NA,NA,*,NA,NA,NULL,NA,NA,NA,NA,NA,NA,NA,NA,NA,0
89,9631236,37,male,D,12542,542,F,F,1,3701,first,three,ExperienerSubject,plausible,1digit_2addition,dual_task,x9245,7,1027,x9246,9,1876,x9247,18,1166,*,NA,NA,NULL,7,1,9,1,18,1,NA,NA,1,3
40,9631236,37,male,D,11661,61,F,F,1,1953,second,three,Transitive,implausible,1digit_2addition,single_task,the,NA,NA,*,NA,NA,*,NA,NA,*,NA,NA,NULL,NA,NA,NA,NA,NA,NA,NA,NA,NA,0
58,9631236,37,male,D,8241,241,J,J,1,2935,second,three,DativeConstruction,implausible,1digit_2addition,single_task,the,NA,NA,ringleader.,NA,NA,*,NA,NA,*,NA,NA,NULL,NA,NA,NA,NA,NA,NA,NA,NA,NA,0
43,9631236,37,male,D,11682,82,F,F,1,1971,third,three,Passive,plausible,1digit_2addition,single_task,the,NA,NA,*,NA,NA,*,NA,NA,*,NA,NA,NULL,NA,NA,NA,NA,NA,NA,NA,NA,NA,0
83,9631236,37,male,D,8642,482,J,J,1,2433,first,three,ExperienerSubject,plausible,1digit_2addition,dual_task,x3865,13,1192,x3866,11,1330,x3867,11,1251,*,NA,NA,NULL,13,1,11,1,11,1,NA,NA,1,3
61,9631236,37,male,D,8182,262,J,J,1,1729,second,three,DativeConstruction,plausible,1digit_2addition,single_task,the,NA,NA,litigator.,NA,NA,*,NA,NA,*,NA,NA,NULL,NA,NA,NA,NA,NA,NA,NA,NA,NA,0
85,9631236,37,male,D,8662,502,J,J,1,2129,second,three,ExperienerSubject,plausible,1digit_2addition,single_task,the,NA,NA,*,NA,NA,*,NA,NA,*,NA,NA,NULL,NA,NA,NA,NA,NA,NA,NA,NA,NA,0
37,9631236,37,male,D,7702,22,J,J,1,2519,second,three,Transitive,plausible,1digit_2addition,single_task,the,NA,NA,*,NA,NA,*,NA,NA,*,NA,NA,NULL,NA,NA,NA,NA,NA,NA,NA,NA,NA,0
84,9631236,37,male,D,8661,501,J,J,1,3396,second,three,ExperienerSubject,plausible,1digit_2addition,noisy_single_task,x3941,NA,NA,x3942,NA,NA,x3943,NA,NA,*,NA,NA,NULL,9,NA,7,NA,4,NA,NA,NA,NA,0
40,61274288,33,male,B,11581,61,F,J,0,6212,first,three,Transitive,plausible,1digit_2addition,noisy_single_task,x5381,NA,NA,x5382,NA,NA,x5383,NA,NA,*,NA,NA,NULL,14,NA,15,NA,15,NA,NA,NA,NA,0
89,61274288,33,male,B,12542,542,F,F,1,3222,first,three,ExperienerSubject,plausible,1digit_2addition,single_task,the,NA,NA,*,NA,NA,*,NA,NA,*,NA,NA,NULL,NA,NA,NA,NA,NA,NA,NA,NA,NA,0
46,61274288,33,male,B,7881,121,J,J,1,1990,second,three,Passive,plausible,1digit_2addition,noisy_single_task,x801,NA,NA,x802,NA,NA,x803,NA,NA,*,NA,NA,NULL,15,NA,11,NA,4,NA,NA,NA,NA,0
42,61274288,33,male,B,7921,81,J,J,1,3493,first,three,Passive,implausible,1digit_2addition,dual_task,x961,13,2414,x962,6,1911,x963,10,2039,*,NA,NA,NULL,13,1,6,1,10,1,NA,NA,1,3
37,61274288,33,male,B,11622,22,F,F,1,4670,third,three,Transitive,implausible,1digit_2addition,noisy_single_task,x5545,NA,NA,x5546,NA,NA,x5547,NA,NA,*,NA,NA,NULL,12,NA,15,NA,6,NA,NA,NA,NA,0
49,61274288,33,male,B,11822,142,F,F,1,2167,first,three,Passive,implausible,1digit_2addition,noisy_single_task,x6345,NA,NA,x6346,NA,NA,x6347,NA,NA,*,NA,NA,NULL,9,NA,14,NA,12,NA,NA,NA,NA,0
62,61274288,33,male,B,12121,281,F,F,1,2540,first,three,DativeConstruction,implausible,1digit_2addition,single_task,the,NA,NA,patrolman.,NA,NA,*,NA,NA,*,NA,NA,NULL,NA,NA,NA,NA,NA,NA,NA,NA,NA,0
35,61274288,33,male,B,7682,2,J,J,1,1822,first,three,Transitive,plausible,1digit_2addition,single_task,the,NA,NA,*,NA,NA,*,NA,NA,*,NA,NA,NULL,NA,NA,NA,NA,NA,NA,NA,NA,NA,0
58,61274288,33,male,B,8161,241,J,J,1,2022,first,three,DativeConstruction,plausible,1digit_2addition,noisy_single_task,x1921,NA,NA,x1922,NA,NA,x1923,NA,NA,*,NA,NA,NULL,8,NA,8,NA,10,NA,NA,NA,NA,0
85,61274288,33,male,B,12582,502,F,F,1,2260,third,three,ExperienerSubject,implausible,1digit_2addition,noisy_single_task,x9405,NA,NA,x9406,NA,NA,x9407,NA,NA,*,NA,NA,NULL,8,NA,16,NA,8,NA,NA,NA,NA,0
88,61274288,33,male,B,12541,541,F,F,1,2403,first,three,ExperienerSubject,plausible,1digit_2addition,noisy_single_task,x9241,NA,NA,x9242,NA,NA,x9243,NA,NA,*,NA,NA,NULL,9,NA,6,NA,11,NA,NA,NA,NA,0
41,61274288,33,male,B,11582,62,F,F,1,2222,first,three,Transitive,plausible,1digit_2addition,single_task,the,NA,NA,*,NA,NA,*,NA,NA,*,NA,NA,NULL,NA,NA,NA,NA,NA,NA,NA,NA,NA,0
44,61274288,33,male,B,7941,101,J,J,1,1542,second,three,Passive,implausible,1digit_2addition,single_task,kicked,NA,NA,*,NA,NA,*,NA,NA,*,NA,NA,NULL,NA,NA,NA,NA,NA,NA,NA,NA,NA,0
61,61274288,33,male,B,12102,262,F,F,1,2325,third,three,DativeConstruction,implausible,1digit_2addition,noisy_single_task,x7466,NA,NA,x7467,NA,NA,x7468,NA,NA,x7469,NA,NA,NULL,9,NA,9,NA,13,NA,5,NA,NA,0
34,61274288,33,male,B,7681,1,J,J,1,1388,first,three,Transitive,plausible,1digit_2addition,noisy_single_task,x1,NA,NA,x2,NA,NA,x3,NA,NA,*,NA,NA,NULL,8,NA,6,NA,13,NA,NA,NA,NA,0
82,61274288,33,male,B,8641,481,J,J,1,2860,first,three,ExperienerSubject,plausible,1digit_2addition,noisy_single_task,x3861,NA,NA,x3862,NA,NA,x3863,NA,NA,*,NA,NA,NULL,13,NA,10,NA,10,NA,NA,NA,NA,0
63,61274288,33,male,B,12042,282,F,F,1,3677,third,three,DativeConstruction,plausible,1digit_2addition,dual_task,x7225,6,2051,x7226,14,2552,x7227,16,1711,*,NA,NA,NULL,6,1,14,1,16,1,NA,NA,1,3
45,61274288,33,male,B,7862,102,J,J,1,2638,first,three,Passive,plausible,1digit_2addition,dual_task,x725,15,1526,x726,11,2079,x727,14,1567,*,NA,NA,NULL,15,1,11,1,14,1,NA,NA,1,3
38,61274288,33,male,B,11641,41,F,F,1,3269,first,three,Transitive,implausible,1digit_2addition,single_task,the,NA,NA,*,NA,NA,*,NA,NA,*,NA,NA,NULL,NA,NA,NA,NA,NA,NA,NA,NA,NA,0
64,61274288,33,male,B,12061,301,F,F,1,3197,first,three,DativeConstruction,plausible,1digit_2addition,noisy_single_task,x7301,NA,NA,x7302,NA,NA,x7303,NA,NA,*,NA,NA,NULL,4,NA,18,NA,6,NA,NA,NA,NA,0
65,61274288,33,male,B,12062,302,F,F,1,2158,first,three,DativeConstruction,plausible,1digit_2addition,single_task,the,NA,NA,chemist.,NA,NA,*,NA,NA,*,NA,NA,NULL,NA,NA,NA,NA,NA,NA,NA,NA,NA,0
39,61274288,33,male,B,11562,42,F,F,1,2254,third,three,Transitive,plausible,1digit_2addition,dual_task,x5305,11,2701,x5306,15,1767,x5307,10,1431,*,NA,NA,NULL,11,1,15,1,10,1,NA,NA,1,3
86,61274288,33,male,B,12601,521,F,F,1,2100,first,three,ExperienerSubject,implausible,1digit_2addition,single_task,the,NA,NA,*,NA,NA,*,NA,NA,*,NA,NA,NULL,NA,NA,NA,NA,NA,NA,NA,NA,NA,0
59,61274288,33,male,B,8162,242,J,J,1,2022,first,three,DativeConstruction,plausible,1digit_2addition,single_task,the,NA,NA,surfer.,NA,NA,*,NA,NA,*,NA,NA,NULL,NA,NA,NA,NA,NA,NA,NA,NA,NA,0
47,61274288,33,male,B,7882,122,J,J,1,2013,second,three,Passive,plausible,1digit_2addition,single_task,bent,NA,NA,*,NA,NA,*,NA,NA,*,NA,NA,NULL,NA,NA,NA,NA,NA,NA,NA,NA,NA,0
48,61274288,33,male,B,11821,141,F,F,1,2582,first,three,Passive,implausible,1digit_2addition,dual_task,x6341,13,1135,x6342,6,1295,x6343,11,2502,*,9,4552,NULL,13,1,6,1,11,1,NA,NA,1,3
36,61274288,33,male,B,11621,21,F,F,1,2550,third,three,Transitive,implausible,1digit_2addition,dual_task,x5541,13,1381,x5542,6,2749,x5543,11,1031,*,9,4552,NULL,13,1,6,1,11,1,NA,NA,1,3
83,61274288,33,male,B,8642,482,J,J,1,3381,first,three,ExperienerSubject,plausible,1digit_2addition,single_task,the,NA,NA,*,NA,NA,*,NA,NA,*,9,4552,NULL,NA,NA,NA,NA,NA,NA,NA,NA,NA,0
43,61274288,33,male,B,7922,82,J,J,1,1340,first,three,Passive,implausible,1digit_2addition,noisy_single_task,x965,NA,NA,x966,NA,NA,x967,NA,NA,*,9,4552,NULL,13,NA,6,NA,8,NA,NA,NA,NA,0
63,93687003,31,female,D,12122,282,F,J,0,2834,first,three,DativeConstruction,implausible,1digit_2addition,noisy_single_task,x7565,NA,NA,x7566,NA,NA,x7567,NA,NA,*,NA,NA,NULL,9,NA,9,NA,6,NA,NA,NA,NA,0
82,93687003,31,female,D,8721,481,J,J,1,2152,second,three,ExperienerSubject,implausible,1digit_2addition,single_task,the,NA,NA,*,NA,NA,*,NA,NA,*,NA,NA,NULL,NA,NA,NA,NA,NA,NA,NA,NA,NA,0
85,93687003,31,female,D,8662,502,J,J,1,5199,second,three,ExperienerSubject,plausible,1digit_2addition,single_task,the,NA,NA,*,NA,NA,*,NA,NA,*,NA,NA,NULL,NA,NA,NA,NA,NA,NA,NA,NA,NA,0
37,93687003,31,female,D,7702,22,J,J,1,6348,second,three,Transitive,plausible,1digit_2addition,single_task,the,NA,NA,*,NA,NA,*,NA,NA,*,NA,NA,NULL,NA,NA,NA,NA,NA,NA,NA,NA,NA,0
43,93687003,31,female,D,11682,82,F,J,0,2193,third,three,Passive,plausible,1digit_2addition,single_task,the,NA,NA,*,NA,NA,*,NA,NA,*,NA,NA,NULL,NA,NA,NA,NA,NA,NA,NA,NA,NA,0
88,93687003,31,female,D,12621,541,F,J,0,10369,second,three,ExperienerSubject,implausible,1digit_2addition,single_task,the,NA,NA,*,NA,NA,*,NA,NA,*,NA,NA,NULL,NA,NA,NA,NA,NA,NA,NA,NA,NA,0
49,93687003,31,female,D,7902,142,J,J,1,1555,third,three,Passive,plausible,1digit_2addition,single_task,the,NA,NA,*,NA,NA,*,NA,NA,*,NA,NA,NULL,NA,NA,NA,NA,NA,NA,NA,NA,NA,0
84,93687003,31,female,D,8661,501,J,J,1,3891,second,three,ExperienerSubject,plausible,1digit_2addition,noisy_single_task,x3941,NA,NA,x3942,NA,NA,x3943,NA,NA,*,NA,NA,NULL,9,NA,7,NA,4,NA,NA,NA,NA,0
41,93687003,31,female,D,11582,62,F,F,1,4788,first,three,Transitive,plausible,1digit_2addition,dual_task,x5385,9,3257,x5386,12,2673,x5387,10,4460,*,NA,NA,NULL,9,1,12,1,10,1,NA,NA,1,3
44,93687003,31,female,D,7941,101,J,J,1,4869,second,three,Passive,implausible,1digit_2addition,dual_task,x1041,12,2071,x1042,4,1396,x1043,11,2166,*,NA,NA,NULL,12,1,4,1,11,1,NA,NA,1,3
64,93687003,31,female,D,12141,301,F,F,1,2755,second,three,DativeConstruction,implausible,1digit_2addition,single_task,the,NA,NA,groom.,NA,NA,*,NA,NA,*,NA,NA,NULL,NA,NA,NA,NA,NA,NA,NA,NA,NA,0
35,93687003,31,female,D,7682,2,J,J,1,2403,first,three,Transitive,plausible,1digit_2addition,dual_task,x5,8,3156,x6,10,2212,x7,12,2204,*,NA,NA,NULL,8,1,10,1,12,1,NA,NA,1,3
60,93687003,31,female,D,8181,261,J,J,1,2535,second,three,DativeConstruction,plausible,1digit_2addition,noisy_single_task,x2001,NA,NA,x2002,NA,NA,x2003,NA,NA,*,NA,NA,NULL,10,NA,16,NA,7,NA,NA,NA,NA,0
46,93687003,31,female,D,7961,121,J,J,1,2184,third,three,Passive,implausible,1digit_2addition,single_task,the,NA,NA,*,NA,NA,*,NA,NA,*,NA,NA,NULL,NA,NA,NA,NA,NA,NA,NA,NA,NA,0
34,93687003,31,female,D,7761,1,J,J,1,2321,second,three,Transitive,implausible,1digit_2addition,single_task,the,NA,NA,*,NA,NA,*,NA,NA,*,NA,NA,NULL,NA,NA,NA,NA,NA,NA,NA,NA,NA,0
48,93687003,31,female,D,7901,141,J,J,1,2004,third,three,Passive,plausible,1digit_2addition,noisy_single_task,x881,NA,NA,x882,NA,NA,x883,NA,NA,*,NA,NA,NULL,14,NA,6,NA,8,NA,NA,NA,NA,0
36,93687003,31,female,D,7701,21,J,J,1,1264,second,three,Transitive,plausible,1digit_2addition,noisy_single_task,x81,NA,NA,x82,NA,NA,x83,NA,NA,*,NA,NA,NULL,6,NA,7,NA,10,NA,NA,NA,NA,0
42,93687003,31,female,D,11681,81,F,F,1,5607,third,three,Passive,plausible,1digit_2addition,noisy_single_task,x5781,NA,NA,x5782,NA,NA,x5783,NA,NA,*,NA,NA,NULL,13,NA,13,NA,4,NA,NA,NA,NA,0
61,93687003,31,female,D,8182,262,J,J,1,2012,second,three,DativeConstruction,plausible,1digit_2addition,single_task,the,NA,NA,litigator.,NA,NA,*,NA,NA,*,NA,NA,NULL,NA,NA,NA,NA,NA,NA,NA,NA,NA,0
38,93687003,31,female,D,11641,41,F,F,1,5959,first,three,Transitive,implausible,1digit_2addition,dual_task,x5621,11,2713,x5622,11,1306,x5623,8,1888,*,NA,NA,NULL,11,1,11,1,8,1,NA,NA,1,3
45,93687003,31,female,D,7942,102,J,J,1,2137,second,three,Passive,implausible,1digit_2addition,noisy_single_task,x1045,NA,NA,x1046,NA,NA,x1047,NA,NA,*,NA,NA,NULL,11,NA,13,NA,17,NA,NA,NA,NA,0
40,93687003,31,female,D,11661,61,F,J,0,1910,second,three,Transitive,implausible,1digit_2addition,single_task,the,NA,NA,*,NA,NA,*,NA,NA,*,NA,NA,NULL,NA,NA,NA,NA,NA,NA,NA,NA,NA,0
58,93687003,31,female,D,8241,241,J,J,1,2220,second,three,DativeConstruction,implausible,1digit_2addition,single_task,the,NA,NA,ringleader.,NA,NA,*,NA,NA,*,NA,NA,NULL,NA,NA,NA,NA,NA,NA,NA,NA,NA,0
83,93687003,31,female,D,8642,482,J,J,1,2073,first,three,ExperienerSubject,plausible,1digit_2addition,dual_task,x3865,13,2455,x3866,11,1569,x3867,11,1445,*,NA,NA,NULL,13,1,11,1,11,1,NA,NA,1,3
89,93687003,31,female,D,12542,542,F,F,1,3928,first,three,ExperienerSubject,plausible,1digit_2addition,dual_task,x9245,7,1908,x9246,9,1633,x9247,18,1990,*,NA,NA,NULL,7,1,9,1,18,1,NA,NA,1,3
87,93687003,31,female,D,12602,522,F,F,1,3083,first,three,ExperienerSubject,implausible,1digit_2addition,noisy_single_task,x9485,NA,NA,x9486,NA,NA,x9487,NA,NA,*,NA,NA,NULL,13,NA,7,NA,11,NA,NA,NA,NA,0
59,93687003,31,female,D,8162,242,J,J,1,3351,first,three,DativeConstruction,plausible,1digit_2addition,dual_task,x1925,14,1518,x1926,15,2516,x1927,3,1712,*,NA,NA,NULL,14,1,15,1,3,1,NA,NA,1,3
86,93687003,31,female,D,12601,521,F,F,1,3096,first,three,ExperienerSubject,implausible,1digit_2addition,dual_task,x9481,10,2085,x9482,2,1348,x9483,7,2795,*,NA,NA,NULL,10,1,2,1,7,1,NA,NA,1,3
39,93687003,31,female,D,11642,42,F,F,1,3087,first,three,Transitive,implausible,1digit_2addition,noisy_single_task,x5625,NA,NA,x5626,NA,NA,x5627,NA,NA,*,NA,NA,NULL,10,NA,5,NA,8,NA,NA,NA,NA,0
65,65635704,60,female,K,8302,302,J,J,1,5177,second,three,DativeConstruction,implausible,1digit_2addition,single_task,the,NA,NA,pastor.,NA,NA,*,NA,NA,*,NA,NA,NULL,NA,NA,NA,NA,NA,NA,NA,NA,NA,0
36,65635704,60,female,K,11541,21,F,F,1,6381,second,three,Transitive,plausible,1digit_2addition,dual_task,x5221,14,4296,x5222,13,3750,x5223,12,4462,*,NA,NA,NULL,14,1,13,1,12,1,NA,NA,1,3
84,65635704,60,female,K,12501,501,F,F,1,5370,second,three,ExperienerSubject,plausible,1digit_2addition,dual_task,x9081,5,3088,x9082,10,3680,x9083,10,3700,*,NA,NA,NULL,5,1,10,1,10,1,NA,NA,1,3
58,65635704,60,female,K,12081,241,F,J,0,4548,second,three,DativeConstruction,implausible,1digit_2addition,noisy_single_task,x7381,NA,NA,x7382,NA,NA,x7383,NA,NA,*,NA,NA,NULL,7,NA,2,NA,7,NA,NA,NA,NA,0
63,65635704,60,female,K,8282,282,J,F,0,5607,first,three,DativeConstruction,implausible,1digit_2addition,dual_task,x2425,7,3004,x2426,4,3088,x2427,12,3330,*,NA,NA,NULL,7,1,4,1,12,1,NA,NA,1,3
44,65635704,60,female,K,7861,101,J,J,1,4352,first,three,Passive,plausible,1digit_2addition,single_task,art,NA,NA,*,NA,NA,*,NA,NA,*,NA,NA,NULL,NA,NA,NA,NA,NA,NA,NA,NA,NA,0
34,65635704,60,female,K,11601,1,F,F,1,5992,second,three,Transitive,implausible,1digit_2addition,noisy_single_task,x5461,NA,NA,x5462,NA,NA,x5463,NA,NA,*,NA,NA,NULL,8,NA,16,NA,11,NA,NA,NA,NA,0
87,65635704,60,female,K,8762,522,J,F,0,5102,first,three,ExperienerSubject,implausible,1digit_2addition,dual_task,x4345,7,3051,x4346,18,3237,x4347,11,2831,*,NA,NA,NULL,7,1,18,1,11,1,NA,NA,1,3
61,65635704,60,female,K,12022,262,F,F,1,5348,second,three,DativeConstruction,plausible,1digit_2addition,noisy_single_task,x7145,NA,NA,x7146,NA,NA,x7147,NA,NA,*,NA,NA,NULL,14,NA,13,NA,7,NA,NA,NA,NA,0
35,65635704,60,female,K,11602,2,F,F,1,6909,second,three,Transitive,implausible,1digit_2addition,single_task,the,NA,NA,*,NA,NA,*,NA,NA,*,NA,NA,NULL,NA,NA,NA,NA,NA,NA,NA,NA,NA,0
59,65635704,60,female,K,12082,242,F,F,1,6287,second,three,DativeConstruction,implausible,1digit_2addition,single_task,the,NA,NA,protagonist.,NA,NA,*,NA,NA,*,NA,NA,NULL,NA,NA,NA,NA,NA,NA,NA,NA,NA,0
83,65635704,60,female,K,12562,482,F,F,1,8680,second,three,ExperienerSubject,implausible,1digit_2addition,single_task,the,NA,NA,*,NA,NA,*,NA,NA,*,NA,NA,NULL,NA,NA,NA,NA,NA,NA,NA,NA,NA,0
64,65635704,60,female,K,8301,301,J,F,0,8483,second,three,DativeConstruction,implausible,1digit_2addition,noisy_single_task,x2501,NA,NA,x2502,NA,NA,x2503,NA,NA,*,NA,NA,NULL,6,NA,11,NA,13,NA,NA,NA,NA,0
45,65635704,60,female,K,11782,102,F,F,1,3167,second,three,Passive,implausible,1digit_2addition,dual_task,x6185,16,2597,x6186,6,4836,x6187,13,2920,*,NA,NA,NULL,16,1,6,1,13,1,NA,NA,1,3
85,65635704,60,female,K,12502,502,F,F,1,6104,second,three,ExperienerSubject,plausible,1digit_2addition,noisy_single_task,x9085,NA,NA,x9086,NA,NA,x9087,NA,NA,*,NA,NA,NULL,17,NA,12,NA,11,NA,NA,NA,NA,0
47,65635704,60,female,K,11802,122,F,F,1,5061,third,three,Passive,implausible,1digit_2addition,single_task,the,NA,NA,*,NA,NA,*,NA,NA,*,NA,NA,NULL,NA,NA,NA,NA,NA,NA,NA,NA,NA,0
49,65635704,60,female,K,11742,142,F,F,1,2684,third,three,Passive,plausible,1digit_2addition,noisy_single_task,x6025,NA,NA,x6026,NA,NA,x6027,NA,NA,*,NA,NA,NULL,10,NA,12,NA,8,NA,NA,NA,NA,0
38,65635704,60,female,K,11561,41,F,F,1,2083,third,three,Transitive,plausible,1digit_2addition,single_task,the,NA,NA,*,NA,NA,*,NA,NA,*,NA,NA,NULL,NA,NA,NA,NA,NA,NA,NA,NA,NA,0
89,65635704,60,female,K,8782,542,J,J,1,4722,second,three,ExperienerSubject,implausible,1digit_2addition,single_task,the,NA,NA,*,NA,NA,*,NA,NA,*,NA,NA,NULL,NA,NA,NA,NA,NA,NA,NA,NA,NA,0
41,65635704,60,female,K,7822,62,J,J,1,2853,second,three,Transitive,implausible,1digit_2addition,single_task,the,NA,NA,*,NA,NA,*,NA,NA,*,NA,NA,NULL,NA,NA,NA,NA,NA,NA,NA,NA,NA,0
46,65635704,60,female,K,11801,121,F,F,1,5058,third,three,Passive,implausible,1digit_2addition,noisy_single_task,x6261,NA,NA,x6262,NA,NA,x6263,NA,NA,*,NA,NA,NULL,8,NA,14,NA,8,NA,NA,NA,NA,0
40,65635704,60,female,K,7821,61,J,F,0,5583,second,three,Transitive,implausible,1digit_2addition,noisy_single_task,x561,NA,NA,x562,NA,NA,x563,NA,NA,*,NA,NA,NULL,12,NA,11,NA,8,NA,NA,NA,NA,0
82,65635704,60,female,K,12561,481,F,J,0,7543,second,three,ExperienerSubject,implausible,1digit_2addition,noisy_single_task,x9321,NA,NA,x9322,NA,NA,x9323,NA,NA,*,NA,NA,NULL,7,NA,12,NA,8,NA,NA,NA,NA,0
37,65635704,60,female,K,11542,22,F,F,1,6842,second,three,Transitive,plausible,1digit_2addition,noisy_single_task,x5225,NA,NA,x5226,NA,NA,x5227,NA,NA,*,NA,NA,NULL,10,NA,12,NA,7,NA,NA,NA,NA,0
62,65635704,60,female,K,12041,281,F,J,0,2484,third,three,DativeConstruction,plausible,1digit_2addition,single_task,the,NA,NA,department.,NA,NA,*,NA,NA,*,NA,NA,NULL,NA,NA,NA,NA,NA,NA,NA,NA,NA,0
42,65635704,60,female,K,7841,81,J,J,1,2822,third,three,Passive,plausible,1digit_2addition,dual_task,x641,4,3109,x642,16,2365,x643,3,5622,*,NA,NA,NULL,4,1,16,1,3,1,NA,NA,1,3
86,65635704,60,female,K,12521,521,F,F,1,3283,third,three,ExperienerSubject,plausible,1digit_2addition,single_task,the,NA,NA,*,NA,NA,*,NA,NA,*,NA,NA,NULL,NA,NA,NA,NA,NA,NA,NA,NA,NA,0
48,65635704,60,female,K,11741,141,F,F,1,6582,third,three,Passive,plausible,1digit_2addition,dual_task,x6021,5,2489,x6022,15,6885,x6023,10,2545,*,NA,NA,NULL,5,1,15,1,10,1,NA,NA,1,3
43,65635704,60,female,K,7842,82,J,J,1,2005,third,three,Passive,plausible,1digit_2addition,noisy_single_task,x645,NA,NA,x646,NA,NA,x647,NA,NA,*,NA,NA,NULL,14,NA,11,NA,9,NA,NA,NA,NA,0
88,65635704,60,female,K,8781,541,J,J,1,3316,second,three,ExperienerSubject,implausible,1digit_2addition,noisy_single_task,x4421,NA,NA,x4422,NA,NA,x4423,NA,NA,*,NA,NA,NULL,13,NA,10,NA,11,NA,NA,NA,NA,0
58,79632918,61,female,A,8161,241,J,J,1,4263,first,three,DativeConstruction,plausible,1digit_2addition,single_task,the,NA,NA,mariner.,NA,NA,*,NA,NA,*,NA,NA,NULL,NA,NA,NA,NA,NA,NA,NA,NA,NA,0
87,79632918,61,female,A,12522,522,F,F,1,7837,third,three,ExperienerSubject,plausible,1digit_2addition,noisy_single_task,x9165,NA,NA,x9166,NA,NA,x9167,NA,NA,*,NA,NA,NULL,4,NA,16,NA,10,NA,NA,NA,NA,0
63,79632918,61,female,A,12042,282,F,F,1,7380,third,three,DativeConstruction,plausible,1digit_2addition,noisy_single_task,x7225,NA,NA,x7226,NA,NA,x7227,NA,NA,*,NA,NA,NULL,6,NA,14,NA,16,NA,NA,NA,NA,0
47,79632918,61,female,A,11802,122,F,F,1,5988,third,three,Passive,implausible,1digit_2addition,dual_task,x6265,14,4237,x6266,10,3541,x6267,6,2873,*,NA,NA,NULL,14,1,10,1,6,1,NA,NA,1,3
48,79632918,61,female,A,11821,141,F,No Response,0,1.77147E+12,first,three,Passive,implausible,1digit_2addition,noisy_single_task,x6341,NA,NA,x6342,NA,NA,x6343,NA,NA,*,NA,NA,NULL,13,NA,6,NA,11,NA,NA,NA,NA,0
85,79632918,61,female,A,12582,502,F,F,1,2492,third,three,ExperienerSubject,implausible,1digit_2addition,single_task,the,NA,NA,*,NA,NA,*,NA,NA,*,NA,NA,NULL,NA,NA,NA,NA,NA,NA,NA,NA,NA,0
37,79632918,61,female,A,11622,22,F,F,1,2586,third,three,Transitive,implausible,1digit_2addition,single_task,the,NA,NA,*,NA,NA,*,NA,NA,*,NA,NA,NULL,NA,NA,NA,NA,NA,NA,NA,NA,NA,0
42,79632918,61,female,A,7921,81,J,J,1,3043,first,three,Passive,implausible,1digit_2addition,noisy_single_task,x961,NA,NA,x962,NA,NA,x963,NA,NA,*,NA,NA,NULL,13,NA,6,NA,10,NA,NA,NA,NA,0
40,79632918,61,female,A,11581,61,F,F,1,2536,first,three,Transitive,plausible,1digit_2addition,single_task,the,NA,NA,*,NA,NA,*,NA,NA,*,NA,NA,NULL,NA,NA,NA,NA,NA,NA,NA,NA,NA,0
88,79632918,61,female,A,12541,541,F,F,1,4206,first,three,ExperienerSubject,plausible,1digit_2addition,single_task,the,NA,NA,*,NA,NA,*,NA,NA,*,NA,NA,NULL,NA,NA,NA,NA,NA,NA,NA,NA,NA,0
60,79632918,61,female,A,12101,261,F,F,1,3557,third,three,DativeConstruction,implausible,1digit_2addition,noisy_single_task,x7461,NA,NA,x7462,NA,NA,x7463,NA,NA,x7464,NA,NA,NULL,11,NA,7,NA,11,NA,8,NA,NA,0
46,79632918,61,female,A,7881,121,J,J,1,3215,second,three,Passive,plausible,1digit_2addition,single_task,assembled,NA,NA,*,NA,NA,*,NA,NA,*,NA,NA,NULL,NA,NA,NA,NA,NA,NA,NA,NA,NA,0
59,79632918,61,female,A,12082,242,F,F,1,4583,second,three,DativeConstruction,implausible,1digit_2addition,dual_task,x7385,10,3562,x7386,15,3324,x7387,9,2884,*,NA,NA,NULL,10,1,15,1,9,1,NA,NA,1,3
65,79632918,61,female,A,8302,302,J,J,1,3552,second,three,DativeConstruction,implausible,1digit_2addition,dual_task,x2505,13,3788,x2506,6,2538,x2507,12,3641,*,NA,NA,NULL,13,1,6,1,12,1,NA,NA,1,3
83,79632918,61,female,A,12562,482,F,F,1,3798,second,three,ExperienerSubject,implausible,1digit_2addition,dual_task,x9325,2,2308,x9326,11,2156,x9327,5,2422,*,NA,NA,NULL,2,1,11,1,5,1,NA,NA,1,3
43,79632918,61,female,A,7922,82,J,J,1,3462,first,three,Passive,implausible,1digit_2addition,single_task,leper,NA,NA,*,NA,NA,*,NA,NA,*,NA,NA,NULL,NA,NA,NA,NA,NA,NA,NA,NA,NA,0
64,79632918,61,female,A,12061,301,F,F,1,3771,first,three,DativeConstruction,plausible,1digit_2addition,single_task,the,NA,NA,actuary.,NA,NA,*,NA,NA,*,NA,NA,NULL,NA,NA,NA,NA,NA,NA,NA,NA,NA,0
45,79632918,61,female,A,7862,102,J,J,1,3126,first,three,Passive,plausible,1digit_2addition,noisy_single_task,x725,NA,NA,x726,NA,NA,x727,NA,NA,*,NA,NA,NULL,15,NA,11,NA,14,NA,NA,NA,NA,0
62,79632918,61,female,A,12041,281,F,F,1,3675,third,three,DativeConstruction,plausible,1digit_2addition,dual_task,x7221,17,3319,x7222,6,2538,x7223,11,3138,*,NA,NA,NULL,17,1,6,1,11,1,NA,NA,1,3
38,79632918,61,female,A,11561,41,F,F,1,2044,third,three,Transitive,plausible,1digit_2addition,dual_task,x5301,9,2217,x5302,10,2986,x5303,10,2670,*,NA,NA,NULL,9,1,10,1,10,1,NA,NA,1,3
44,79632918,61,female,A,7861,101,J,F,0,4608,first,three,Passive,plausible,1digit_2addition,dual_task,x721,17,2766,x722,6,2132,x723,15,3100,*,NA,NA,NULL,17,1,6,1,15,1,NA,NA,1,3
39,79632918,61,female,A,11562,42,F,F,1,2441,third,three,Transitive,plausible,1digit_2addition,noisy_single_task,x5305,NA,NA,x5306,NA,NA,x5307,NA,NA,*,NA,NA,NULL,11,NA,15,NA,10,NA,NA,NA,NA,0
35,79632918,61,female,A,11602,2,F,F,1,3301,second,three,Transitive,implausible,1digit_2addition,dual_task,x5465,10,3061,x5466,6,2434,x5467,11,3189,*,NA,NA,NULL,10,1,6,1,11,1,NA,NA,1,3
82,79632918,61,female,A,8641,481,J,J,1,1554,first,three,ExperienerSubject,plausible,1digit_2addition,single_task,the,NA,NA,*,NA,NA,*,NA,NA,*,NA,NA,NULL,NA,NA,NA,NA,NA,NA,NA,NA,NA,0
84,79632918,61,female,A,12581,501,F,F,1,3837,third,three,ExperienerSubject,implausible,1digit_2addition,noisy_single_task,x9401,NA,NA,x9402,NA,NA,x9403,NA,NA,*,NA,NA,NULL,16,NA,7,NA,7,NA,NA,NA,NA,0
49,79632918,61,female,A,11822,142,F,F,1,3728,first,three,Passive,implausible,1digit_2addition,single_task,stableman,NA,NA,*,NA,NA,*,NA,NA,*,NA,NA,NULL,NA,NA,NA,NA,NA,NA,NA,NA,NA,0
41,79632918,61,female,A,7822,62,J,J,1,5218,second,three,Transitive,implausible,1digit_2addition,dual_task,x565,13,3021,x566,6,1949,x567,10,2248,*,NA,NA,NULL,13,1,6,1,10,1,NA,NA,1,3
34,79632918,61,female,A,7681,1,J,J,1,5074,first,three,Transitive,plausible,1digit_2addition,single_task,the,NA,NA,*,NA,NA,*,NA,NA,*,NA,NA,NULL,NA,NA,NA,NA,NA,NA,NA,NA,NA,0
36,79632918,61,female,A,11621,21,F,F,1,1504,third,three,Transitive,implausible,1digit_2addition,noisy_single_task,x5541,NA,NA,x5542,NA,NA,x5543,NA,NA,*,NA,NA,NULL,13,NA,6,NA,11,NA,NA,NA,NA,0
61,79632918,61,female,A,12102,262,F,F,1,3645,third,three,DativeConstruction,implausible,1digit_2addition,single_task,the,NA,NA,assignment,NA,NA,*,NA,NA,*,NA,NA,NULL,NA,NA,NA,NA,NA,NA,NA,NA,NA,0
61,66620514,22,female,A,12102,262,F,F,1,2791,third,three,DativeConstruction,implausible,1digit_2addition,single_task,the,NA,NA,assignment,NA,NA,*,NA,NA,*,NA,NA,NULL,NA,NA,NA,NA,NA,NA,NA,NA,NA,0
59,66620514,22,female,A,12082,242,F,J,0,5776,second,three,DativeConstruction,implausible,1digit_2addition,dual_task,x7385,10,1734,x7386,15,1687,x7387,9,1477,*,NA,NA,NULL,10,1,15,1,9,1,NA,NA,1,3
37,66620514,22,female,A,11622,22,F,F,1,3378,third,three,Transitive,implausible,1digit_2addition,single_task,the,NA,NA,*,NA,NA,*,NA,NA,*,NA,NA,NULL,NA,NA,NA,NA,NA,NA,NA,NA,NA,0
36,66620514,22,female,A,11621,21,F,F,1,1856,third,three,Transitive,implausible,1digit_2addition,noisy_single_task,x5541,NA,NA,x5542,NA,NA,x5543,NA,NA,*,NA,NA,NULL,13,NA,6,NA,11,NA,NA,NA,NA,0
34,66620514,22,female,A,7681,1,J,J,1,2036,first,three,Transitive,plausible,1digit_2addition,single_task,the,NA,NA,*,NA,NA,*,NA,NA,*,NA,NA,NULL,NA,NA,NA,NA,NA,NA,NA,NA,NA,0
35,66620514,22,female,A,11602,2,F,F,1,2758,second,three,Transitive,implausible,1digit_2addition,dual_task,x5465,10,1626,x5466,6,1579,x5467,11,1650,*,NA,NA,NULL,10,1,6,1,11,1,NA,NA,1,3
49,66620514,22,female,A,11822,142,F,F,1,3632,first,three,Passive,implausible,1digit_2addition,single_task,stableman,NA,NA,*,NA,NA,*,NA,NA,*,NA,NA,NULL,NA,NA,NA,NA,NA,NA,NA,NA,NA,0
48,66620514,22,female,A,11821,141,F,F,1,3017,first,three,Passive,implausible,1digit_2addition,noisy_single_task,x6341,NA,NA,x6342,NA,NA,x6343,NA,NA,*,NA,NA,NULL,13,NA,6,NA,11,NA,NA,NA,NA,0
43,66620514,22,female,A,7922,82,J,J,1,2303,first,three,Passive,implausible,1digit_2addition,single_task,leper,NA,NA,*,NA,NA,*,NA,NA,*,NA,NA,NULL,NA,NA,NA,NA,NA,NA,NA,NA,NA,0
89,66620514,22,female,A,8782,542,J,J,1,3558,second,three,ExperienerSubject,implausible,1digit_2addition,dual_task,x4425,7,2234,x4426,11,2970,x4427,13,2474,*,NA,NA,NULL,7,1,11,1,13,1,NA,NA,1,3
83,66620514,22,female,A,12562,482,F,F,1,2352,second,three,ExperienerSubject,implausible,1digit_2addition,dual_task,x9325,2,1324,x9326,11,1634,x9327,5,1392,*,NA,NA,NULL,2,1,11,1,5,1,NA,NA,1,3
58,66620514,22,female,A,8161,241,J,J,1,2166,first,three,DativeConstruction,plausible,1digit_2addition,single_task,the,NA,NA,mariner.,NA,NA,*,NA,NA,*,NA,NA,NULL,NA,NA,NA,NA,NA,NA,NA,NA,NA,0
88,66620514,22,female,A,12541,541,F,F,1,3437,first,three,ExperienerSubject,plausible,1digit_2addition,single_task,the,NA,NA,*,NA,NA,*,NA,NA,*,NA,NA,NULL,NA,NA,NA,NA,NA,NA,NA,NA,NA,0
45,66620514,22,female,A,7862,102,J,J,1,3644,first,three,Passive,plausible,1digit_2addition,noisy_single_task,x725,NA,NA,x726,NA,NA,x727,NA,NA,*,NA,NA,NULL,15,NA,11,NA,14,NA,NA,NA,NA,0
46,66620514,22,female,A,7881,121,J,J,1,1294,second,three,Passive,plausible,1digit_2addition,single_task,assembled,NA,NA,*,NA,NA,*,NA,NA,*,NA,NA,NULL,NA,NA,NA,NA,NA,NA,NA,NA,NA,0
42,66620514,22,female,A,7921,81,J,J,1,2483,first,three,Passive,implausible,1digit_2addition,noisy_single_task,x961,NA,NA,x962,NA,NA,x963,NA,NA,*,NA,NA,NULL,13,NA,6,NA,10,NA,NA,NA,NA,0
87,66620514,22,female,A,12522,522,F,F,1,1664,third,three,ExperienerSubject,plausible,1digit_2addition,noisy_single_task,x9165,NA,NA,x9166,NA,NA,x9167,NA,NA,*,NA,NA,NULL,4,NA,16,NA,10,NA,NA,NA,NA,0
62,66620514,22,female,A,12041,281,F,F,1,2352,third,three,DativeConstruction,plausible,1digit_2addition,dual_task,x7221,17,1471,x7222,6,1213,x7223,11,1628,*,NA,NA,NULL,17,1,6,1,11,1,NA,NA,1,3
44,66620514,22,female,A,7861,101,J,J,1,3248,first,three,Passive,plausible,1digit_2addition,dual_task,x721,17,1634,x722,6,1734,x723,15,1500,*,NA,NA,NULL,17,1,6,1,15,1,NA,NA,1,3
86,66620514,22,female,A,12521,521,F,F,1,1780,third,three,ExperienerSubject,plausible,1digit_2addition,dual_task,x9161,14,2313,x9162,9,1185,x9163,13,1761,*,NA,NA,NULL,14,1,9,1,13,1,NA,NA,1,3
41,66620514,22,female,A,7822,62,J,J,1,1272,second,three,Transitive,implausible,1digit_2addition,dual_task,x565,13,1919,x566,6,1444,x567,10,1552,*,NA,NA,NULL,13,1,6,1,10,1,NA,NA,1,3
82,66620514,22,female,A,8641,481,J,J,1,1680,first,three,ExperienerSubject,plausible,1digit_2addition,single_task,the,NA,NA,*,NA,NA,*,NA,NA,*,NA,NA,NULL,NA,NA,NA,NA,NA,NA,NA,NA,NA,0
64,66620514,22,female,A,12061,301,F,F,1,4055,first,three,DativeConstruction,plausible,1digit_2addition,single_task,the,NA,NA,actuary.,NA,NA,*,NA,NA,*,NA,NA,NULL,NA,NA,NA,NA,NA,NA,NA,NA,NA,0
47,66620514,22,female,A,11802,122,F,F,1,4014,third,three,Passive,implausible,1digit_2addition,dual_task,x6265,14,1543,x6266,10,2052,x6267,6,1370,*,NA,NA,NULL,14,1,10,1,6,1,NA,NA,1,3
63,66620514,22,female,A,12042,282,F,F,1,1899,third,three,DativeConstruction,plausible,1digit_2addition,noisy_single_task,x7225,NA,NA,x7226,NA,NA,x7227,NA,NA,*,NA,NA,NULL,6,NA,14,NA,16,NA,NA,NA,NA,0
40,66620514,22,female,A,11581,61,F,F,1,2888,first,three,Transitive,plausible,1digit_2addition,single_task,the,NA,NA,*,NA,NA,*,NA,NA,*,NA,NA,NULL,NA,NA,NA,NA,NA,NA,NA,NA,NA,0
84,66620514,22,female,A,12581,501,F,F,1,2330,third,three,ExperienerSubject,implausible,1digit_2addition,noisy_single_task,x9401,NA,NA,x9402,NA,NA,x9403,NA,NA,*,NA,NA,NULL,16,NA,7,NA,7,NA,NA,NA,NA,0
39,66620514,22,female,A,11562,42,F,F,1,1215,third,three,Transitive,plausible,1digit_2addition,noisy_single_task,x5305,NA,NA,x5306,NA,NA,x5307,NA,NA,*,NA,NA,NULL,11,NA,15,NA,10,NA,NA,NA,NA,0
85,66620514,22,female,A,12582,502,F,F,1,1676,third,three,ExperienerSubject,implausible,1digit_2addition,single_task,the,NA,NA,*,NA,NA,*,NA,NA,*,NA,NA,NULL,NA,NA,NA,NA,NA,NA,NA,NA,NA,0
60,66620514,22,female,A,12101,261,F,F,1,3225,third,three,DativeConstruction,implausible,1digit_2addition,noisy_single_task,x7461,NA,NA,x7462,NA,NA,x7463,NA,NA,x7464,NA,NA,NULL,11,NA,7,NA,11,NA,8,NA,NA,0
38,66620514,22,female,A,11561,41,F,F,1,1595,third,three,Transitive,plausible,1digit_2addition,dual_task,x5301,9,1293,x5302,10,1725,x5303,10,1672,*,NA,NA,NULL,9,1,10,1,10,1,NA,NA,1,3
88,80864880,46,female,C,12541,541,F,F,1,4060,first,three,ExperienerSubject,plausible,1digit_2addition,dual_task,x9241,9,2118,x9242,6,2160,x9243,11,2356,*,NA,NA,NULL,9,1,6,1,11,1,NA,NA,1,3
89,80864880,46,female,C,12542,542,F,F,1,6356,first,three,ExperienerSubject,plausible,1digit_2addition,noisy_single_task,x9245,NA,NA,x9246,NA,NA,x9247,NA,NA,*,NA,NA,NULL,7,NA,9,NA,18,NA,NA,NA,NA,0
64,80864880,46,female,C,12061,301,F,F,1,5671,first,three,DativeConstruction,plausible,1digit_2addition,dual_task,x7301,4,2036,x7302,18,1964,x7303,6,1730,*,NA,NA,NULL,4,1,18,1,6,1,NA,NA,1,3
37,80864880,46,female,C,11622,22,F,F,1,2829,third,three,Transitive,implausible,1digit_2addition,dual_task,x5545,12,1940,x5546,15,2054,x5547,6,1982,*,NA,NA,NULL,12,1,15,1,6,1,NA,NA,1,3
41,80864880,46,female,C,11582,62,F,F,1,3857,first,three,Transitive,plausible,1digit_2addition,noisy_single_task,x5385,NA,NA,x5386,NA,NA,x5387,NA,NA,*,NA,NA,NULL,9,NA,12,NA,10,NA,NA,NA,NA,0
40,80864880,46,female,C,11581,61,F,F,1,5632,first,three,Transitive,plausible,1digit_2addition,dual_task,x5381,14,3248,x5382,15,3221,x5383,15,3019,*,NA,NA,NULL,14,1,15,1,15,1,NA,NA,1,3
87,80864880,46,female,C,12602,522,F,F,1,3684,first,three,ExperienerSubject,implausible,1digit_2addition,single_task,the,NA,NA,*,NA,NA,*,NA,NA,*,NA,NA,NULL,NA,NA,NA,NA,NA,NA,NA,NA,NA,0
62,80864880,46,female,C,12121,281,F,F,1,4961,first,three,DativeConstruction,implausible,1digit_2addition,noisy_single_task,x7561,NA,NA,x7562,NA,NA,x7563,NA,NA,*,NA,NA,NULL,7,NA,5,NA,4,NA,NA,NA,NA,0
38,80864880,46,female,C,11641,41,F,F,1,4519,first,three,Transitive,implausible,1digit_2addition,noisy_single_task,x5621,NA,NA,x5622,NA,NA,x5623,NA,NA,*,NA,NA,NULL,11,NA,11,NA,8,NA,NA,NA,NA,0
45,80864880,46,female,C,7942,102,J,J,1,2183,second,three,Passive,implausible,1digit_2addition,single_task,knocked,NA,NA,*,NA,NA,*,NA,NA,*,NA,NA,NULL,NA,NA,NA,NA,NA,NA,NA,NA,NA,0
43,80864880,46,female,C,7922,82,J,J,1,3084,first,three,Passive,implausible,1digit_2addition,dual_task,x965,13,2955,x966,6,5189,x967,8,2541,*,NA,NA,NULL,13,1,6,1,8,1,NA,NA,1,3
59,80864880,46,female,C,8162,242,J,J,1,3908,first,three,DativeConstruction,plausible,1digit_2addition,noisy_single_task,x1925,NA,NA,x1926,NA,NA,x1927,NA,NA,*,NA,NA,NULL,14,NA,15,NA,3,NA,NA,NA,NA,0
58,80864880,46,female,C,8161,241,J,J,1,2848,first,three,DativeConstruction,plausible,1digit_2addition,dual_task,x1921,8,2504,x1922,8,2075,x1923,10,2285,*,5,3111,NULL,8,1,8,1,10,1,NA,NA,1,3
34,80864880,46,female,C,7681,1,J,J,1,4151,first,three,Transitive,plausible,1digit_2addition,dual_task,x1,8,2684,x2,6,2262,x3,13,2517,*,5,3111,NULL,8,1,6,1,13,1,NA,NA,1,3
47,80864880,46,female,C,7882,122,J,J,1,2252,second,three,Passive,plausible,1digit_2addition,noisy_single_task,x805,NA,NA,x806,NA,NA,x807,NA,NA,*,5,3111,NULL,11,NA,9,NA,11,NA,NA,NA,NA,0
46,80864880,46,female,C,7881,121,J,J,1,2390,second,three,Passive,plausible,1digit_2addition,dual_task,x801,15,1831,x802,11,1228,x803,4,1003,*,5,3111,NULL,15,1,11,1,4,1,NA,NA,1,3
60,80864880,46,female,C,8181,261,J,J,1,2645,second,three,DativeConstruction,plausible,1digit_2addition,single_task,the,NA,NA,psychiatrist.,NA,NA,*,NA,NA,*,5,3111,NULL,NA,NA,NA,NA,NA,NA,NA,NA,NA,0
84,80864880,46,female,C,8661,501,J,J,1,2879,second,three,ExperienerSubject,plausible,1digit_2addition,single_task,the,NA,NA,*,NA,NA,*,NA,NA,*,5,3111,NULL,NA,NA,NA,NA,NA,NA,NA,NA,NA,0
48,80864880,46,female,C,7901,141,J,J,1,1770,third,three,Passive,plausible,1digit_2addition,single_task,the,NA,NA,*,NA,NA,*,NA,NA,*,5,3111,NULL,NA,NA,NA,NA,NA,NA,NA,NA,NA,0
65,80864880,46,female,C,12062,302,F,F,1,3167,first,three,DativeConstruction,plausible,1digit_2addition,noisy_single_task,x7305,NA,NA,x7306,NA,NA,x7307,NA,NA,*,5,3111,NULL,15,NA,12,NA,9,NA,NA,NA,NA,0
86,80864880,46,female,C,12601,521,F,F,1,2507,first,three,ExperienerSubject,implausible,1digit_2addition,noisy_single_task,x9481,NA,NA,x9482,NA,NA,x9483,NA,NA,*,5,3111,NULL,10,NA,2,NA,7,NA,NA,NA,NA,0
44,80864880,46,female,C,7941,101,J,J,1,2352,second,three,Passive,implausible,1digit_2addition,noisy_single_task,x1041,NA,NA,x1042,NA,NA,x1043,NA,NA,*,5,3111,NULL,12,NA,4,NA,11,NA,NA,NA,NA,0
42,80864880,46,female,C,11681,81,F,F,1,2758,third,three,Passive,plausible,1digit_2addition,single_task,the,NA,NA,*,NA,NA,*,NA,NA,*,5,3111,NULL,NA,NA,NA,NA,NA,NA,NA,NA,NA,0
39,80864880,46,female,C,11642,42,F,F,1,2669,first,three,Transitive,implausible,1digit_2addition,single_task,the,NA,NA,*,NA,NA,*,NA,NA,*,5,3111,NULL,NA,NA,NA,NA,NA,NA,NA,NA,NA,0
36,80864880,46,female,C,7701,21,J,J,1,2117,second,three,Transitive,plausible,1digit_2addition,single_task,the,NA,NA,*,NA,NA,*,NA,NA,*,5,3111,NULL,NA,NA,NA,NA,NA,NA,NA,NA,NA,0
63,80864880,46,female,C,12122,282,F,F,1,3160,first,three,DativeConstruction,implausible,1digit_2addition,single_task,the,NA,NA,regular.,NA,NA,*,NA,NA,*,5,3111,NULL,NA,NA,NA,NA,NA,NA,NA,NA,NA,0
49,80864880,46,female,C,11822,142,F,F,1,4499,first,three,Passive,implausible,1digit_2addition,dual_task,x6345,9,1388,x6346,14,1661,x6347,12,1255,*,5,3111,NULL,9,1,14,1,12,1,NA,NA,1,3
82,80864880,46,female,C,8641,481,J,J,1,5163,first,three,ExperienerSubject,plausible,1digit_2addition,dual_task,x3861,13,1643,x3862,10,2044,x3863,10,1269,*,5,3111,NULL,13,1,10,1,10,1,NA,NA,1,3
85,80864880,46,female,C,12582,502,F,F,1,2336,third,three,ExperienerSubject,implausible,1digit_2addition,dual_task,x9405,8,1442,x9406,16,1115,x9407,8,1084,*,5,3111,NULL,8,1,16,1,8,1,NA,NA,1,3
35,80864880,46,female,C,7682,2,J,J,1,2104,first,three,Transitive,plausible,1digit_2addition,noisy_single_task,x5,NA,NA,x6,NA,NA,x7,NA,NA,*,5,3111,NULL,8,NA,10,NA,12,NA,NA,NA,NA,0
83,80864880,46,female,C,8642,482,J,J,1,3399,first,three,ExperienerSubject,plausible,1digit_2addition,noisy_single_task,x3865,NA,NA,x3866,NA,NA,x3867,NA,NA,*,5,3111,NULL,13,NA,11,NA,11,NA,NA,NA,NA,0
35,2253596,41,male,E,7762,2,J,F,0,3790,second,three,Transitive,implausible,1digit_2addition,single_task,the,NA,NA,*,NA,NA,*,NA,NA,*,NA,NA,NULL,NA,NA,NA,NA,NA,NA,NA,NA,NA,0
47,2253596,41,male,E,7962,122,J,J,1,2991,third,three,Passive,implausible,1digit_2addition,single_task,the,NA,NA,*,NA,NA,*,NA,NA,*,NA,NA,NULL,NA,NA,NA,NA,NA,NA,NA,NA,NA,0
44,2253596,41,male,E,11701,101,F,F,1,3723,first,three,Passive,plausible,1digit_2addition,single_task,despot,NA,NA,*,NA,NA,*,NA,NA,*,NA,NA,NULL,NA,NA,NA,NA,NA,NA,NA,NA,NA,0
59,2253596,41,male,E,8242,242,J,J,1,8989,second,three,DativeConstruction,implausible,1digit_2addition,single_task,the,NA,NA,coroner.,NA,NA,*,NA,NA,*,NA,NA,NULL,NA,NA,NA,NA,NA,NA,NA,NA,NA,0
42,2253596,41,male,E,11681,81,F,F,1,2400,third,three,Passive,plausible,1digit_2addition,dual_task,x5781,13,4732,x5782,13,8204,x5783,4,2685,*,NA,NA,NULL,13,1,13,1,4,1,NA,NA,1,3
60,2253596,41,male,E,8181,261,J,F,0,5837,second,three,DativeConstruction,plausible,1digit_2addition,dual_task,x2001,10,4622,x2002,16,2827,x2003,7,2204,*,NA,NA,NULL,10,1,16,1,7,1,NA,NA,1,3
36,2253596,41,male,E,7701,21,J,J,1,2094,second,three,Transitive,plausible,1digit_2addition,dual_task,x81,6,1930,x82,7,2058,x83,10,2973,*,NA,NA,NULL,6,1,7,1,10,1,NA,NA,1,3
34,2253596,41,male,E,7761,1,J,J,1,2106,second,three,Transitive,implausible,1digit_2addition,noisy_single_task,x321,NA,NA,x322,NA,NA,x323,NA,NA,*,NA,NA,NULL,10,NA,11,NA,10,NA,NA,NA,NA,0
38,2253596,41,male,E,7721,41,J,J,1,1581,third,three,Transitive,plausible,1digit_2addition,single_task,the,NA,NA,*,NA,NA,*,NA,NA,*,NA,NA,NULL,NA,NA,NA,NA,NA,NA,NA,NA,NA,0
64,2253596,41,male,E,12141,301,F,J,0,3675,second,three,DativeConstruction,implausible,1digit_2addition,noisy_single_task,x7641,NA,NA,x7642,NA,NA,x7643,NA,NA,*,NA,NA,NULL,11,NA,8,NA,10,NA,NA,NA,NA,0
86,2253596,41,male,E,8681,521,J,J,1,1915,third,three,ExperienerSubject,plausible,1digit_2addition,single_task,the,NA,NA,*,NA,NA,*,NA,NA,*,NA,NA,NULL,NA,NA,NA,NA,NA,NA,NA,NA,NA,0
63,2253596,41,male,E,12122,282,F,F,1,9840,first,three,DativeConstruction,implausible,1digit_2addition,dual_task,x7565,9,2128,x7566,9,1680,x7567,6,2268,*,NA,NA,NULL,9,1,9,1,6,1,NA,NA,1,3
62,2253596,41,male,E,8201,281,J,J,1,2029,third,three,DativeConstruction,plausible,1digit_2addition,single_task,the,NA,NA,department.,NA,NA,*,NA,NA,*,NA,NA,NULL,NA,NA,NA,NA,NA,NA,NA,NA,NA,0
88,2253596,41,male,E,12621,541,F,F,1,2720,second,three,ExperienerSubject,implausible,1digit_2addition,noisy_single_task,x9561,NA,NA,x9562,NA,NA,x9563,NA,NA,*,NA,NA,NULL,9,NA,11,NA,16,NA,NA,NA,NA,0
61,2253596,41,male,E,8182,262,J,F,0,3343,second,three,DativeConstruction,plausible,1digit_2addition,noisy_single_task,x2005,NA,NA,x2006,NA,NA,x2007,NA,NA,*,NA,NA,NULL,9,NA,3,NA,10,NA,NA,NA,NA,0
41,2253596,41,male,E,11662,62,F,F,1,3358,second,three,Transitive,implausible,1digit_2addition,single_task,the,NA,NA,*,NA,NA,*,NA,NA,*,NA,NA,NULL,NA,NA,NA,NA,NA,NA,NA,NA,NA,0
84,2253596,41,male,E,8661,501,J,J,1,2142,second,three,ExperienerSubject,plausible,1digit_2addition,dual_task,x3941,9,2111,x3942,7,1471,x3943,4,2128,*,NA,NA,NULL,9,1,7,1,4,1,NA,NA,1,3
43,2253596,41,male,E,11682,82,F,F,1,2048,third,three,Passive,plausible,1digit_2addition,noisy_single_task,x5785,NA,NA,x5786,NA,NA,x5787,NA,NA,*,NA,NA,NULL,10,NA,9,NA,12,NA,NA,NA,NA,0
40,2253596,41,male,E,11661,61,F,F,1,4768,second,three,Transitive,implausible,1digit_2addition,noisy_single_task,x5701,NA,NA,x5702,NA,NA,x5703,NA,NA,*,NA,NA,NULL,10,NA,9,NA,16,NA,NA,NA,NA,0
48,2253596,41,male,E,7901,141,J,J,1,1819,third,three,Passive,plausible,1digit_2addition,dual_task,x881,14,2719,x882,6,2012,x883,8,1839,*,NA,NA,NULL,14,1,6,1,8,1,NA,NA,1,3
87,2253596,41,male,E,12602,522,F,F,1,2475,first,three,ExperienerSubject,implausible,1digit_2addition,dual_task,x9485,13,1502,x9486,7,1789,x9487,11,2379,*,NA,NA,NULL,13,1,7,1,11,1,NA,NA,1,3
65,2253596,41,male,E,12142,302,F,F,1,2463,second,three,DativeConstruction,implausible,1digit_2addition,single_task,the,NA,NA,emperor.,NA,NA,*,NA,NA,*,NA,NA,NULL,NA,NA,NA,NA,NA,NA,NA,NA,NA,0
46,2253596,41,male,E,7961,121,J,J,1,2060,third,three,Passive,implausible,1digit_2addition,noisy_single_task,x1121,NA,NA,x1122,NA,NA,x1123,NA,NA,*,NA,NA,NULL,11,NA,12,NA,7,NA,NA,NA,NA,0
58,2253596,41,male,E,8241,241,J,J,1,3854,second,three,DativeConstruction,implausible,1digit_2addition,noisy_single_task,x2241,NA,NA,x2242,NA,NA,x2243,NA,NA,*,NA,NA,NULL,3,NA,3,NA,12,NA,NA,NA,NA,0
83,2253596,41,male,E,8722,482,J,J,1,1724,second,three,ExperienerSubject,implausible,1digit_2addition,single_task,the,NA,NA,*,NA,NA,*,NA,NA,*,NA,NA,NULL,NA,NA,NA,NA,NA,NA,NA,NA,NA,0
82,2253596,41,male,E,8721,481,J,J,1,1759,second,three,ExperienerSubject,implausible,1digit_2addition,noisy_single_task,x4181,NA,NA,x4182,NA,NA,x4183,NA,NA,*,NA,NA,NULL,14,NA,2,NA,5,NA,NA,NA,NA,0
37,2253596,41,male,E,7702,22,J,J,1,2270,second,three,Transitive,plausible,1digit_2addition,noisy_single_task,x85,NA,NA,x86,NA,NA,x87,NA,NA,*,NA,NA,NULL,11,NA,12,NA,6,NA,NA,NA,NA,0
85,2253596,41,male,E,8662,502,J,J,1,1712,second,three,ExperienerSubject,plausible,1digit_2addition,noisy_single_task,x3945,NA,NA,x3946,NA,NA,x3947,NA,NA,*,NA,NA,NULL,16,NA,18,NA,10,NA,NA,NA,NA,0
89,2253596,41,male,E,12622,542,F,F,1,2240,second,three,ExperienerSubject,implausible,1digit_2addition,single_task,the,NA,NA,*,NA,NA,*,NA,NA,*,NA,NA,NULL,NA,NA,NA,NA,NA,NA,NA,NA,NA,0
49,2253596,41,male,E,7902,142,J,J,1,2014,third,three,Passive,plausible,1digit_2addition,noisy_single_task,x885,NA,NA,x886,NA,NA,x887,NA,NA,*,NA,NA,NULL,8,NA,10,NA,11,NA,NA,NA,NA,0
42,65926614,46,female,I,7841,81,J,J,1,3127,third,three,Passive,plausible,1digit_2addition,single_task,the,NA,NA,*,NA,NA,*,NA,NA,*,NA,NA,NULL,NA,NA,NA,NA,NA,NA,NA,NA,NA,0
87,65926614,46,female,I,8762,522,J,F,0,4007,first,three,ExperienerSubject,implausible,1digit_2addition,single_task,the,NA,NA,*,NA,NA,*,NA,NA,*,NA,NA,NULL,NA,NA,NA,NA,NA,NA,NA,NA,NA,0
39,65926614,46,female,I,7802,42,J,J,1,3054,first,three,Transitive,implausible,1digit_2addition,single_task,the,NA,NA,*,NA,NA,*,NA,NA,*,NA,NA,NULL,NA,NA,NA,NA,NA,NA,NA,NA,NA,0
85,65926614,46,female,I,8742,502,J,J,1,3401,third,three,ExperienerSubject,implausible,1digit_2addition,dual_task,x4265,18,4946,x4266,12,2764,x4267,7,7659,*,NA,NA,NULL,18,1,12,1,7,1,NA,NA,1,3
84,65926614,46,female,I,12501,501,F,J,0,1.77147E+12,second,three,ExperienerSubject,plausible,1digit_2addition,single_task,the,NA,NA,*,NA,NA,*,NA,NA,*,NA,NA,NULL,NA,NA,NA,NA,NA,NA,NA,NA,NA,0
36,65926614,46,female,I,11541,21,F,J,0,1.77147E+12,second,three,Transitive,plausible,1digit_2addition,single_task,the,NA,NA,*,NA,NA,*,NA,NA,*,NA,NA,NULL,NA,NA,NA,NA,NA,NA,NA,NA,NA,0
48,65926614,46,female,I,11741,141,F,F,1,1.77147E+12,third,three,Passive,plausible,1digit_2addition,single_task,the,NA,NA,*,NA,NA,*,NA,NA,*,NA,NA,NULL,NA,NA,NA,NA,NA,NA,NA,NA,NA,0
89,65926614,46,female,I,8702,542,J,F,0,1.77147E+12,first,three,ExperienerSubject,plausible,1digit_2addition,noisy_single_task,x4105,NA,NA,x4106,NA,NA,x4107,NA,NA,*,NA,NA,NULL,6,NA,5,NA,3,NA,NA,NA,NA,0
83,65926614,46,female,I,12482,482,F,F,1,1.77147E+12,first,three,ExperienerSubject,plausible,1digit_2addition,noisy_single_task,x9005,NA,NA,x9006,NA,NA,x9007,NA,NA,*,NA,NA,NULL,10,NA,8,NA,7,NA,NA,NA,NA,0
65,65926614,46,female,I,8222,302,J,J,1,1.77147E+12,first,three,DativeConstruction,plausible,1digit_2addition,noisy_single_task,x2165,NA,NA,x2166,NA,NA,x2167,NA,NA,*,NA,NA,NULL,8,NA,16,NA,7,NA,NA,NA,NA,0
82,65926614,46,female,I,12481,481,F,J,0,1.77147E+12,first,three,ExperienerSubject,plausible,1digit_2addition,dual_task,x9001,7,2893,x9002,15,3186,x9003,13,3649,*,NA,NA,NULL,7,1,15,1,13,1,NA,NA,1,3
35,65926614,46,female,I,11522,2,F,F,1,1.77147E+12,first,three,Transitive,plausible,1digit_2addition,noisy_single_task,x5145,NA,NA,x5146,NA,NA,x5147,NA,NA,*,NA,NA,NULL,8,NA,4,NA,10,NA,NA,NA,NA,0
60,65926614,46,female,I,12021,261,F,F,1,1.77147E+12,second,three,DativeConstruction,plausible,1digit_2addition,single_task,the,NA,NA,webmaster.,NA,NA,*,NA,NA,*,NA,NA,NULL,NA,NA,NA,NA,NA,NA,NA,NA,NA,0
45,65926614,46,female,I,11782,102,F,F,1,1.77147E+12,second,three,Passive,implausible,1digit_2addition,single_task,knocked,NA,NA,*,NA,NA,*,NA,NA,*,NA,NA,NULL,NA,NA,NA,NA,NA,NA,NA,NA,NA,0
62,65926614,46,female,I,8281,281,J,J,1,5300,first,three,DativeConstruction,implausible,1digit_2addition,noisy_single_task,x2421,NA,NA,x2422,NA,NA,x2423,NA,NA,*,NA,NA,NULL,16,NA,6,NA,13,NA,NA,NA,NA,0
64,65926614,46,female,I,8221,301,J,J,1,1.77147E+12,first,three,DativeConstruction,plausible,1digit_2addition,dual_task,x2161,5,5997,x2162,13,3143,x2163,12,3013,*,NA,NA,NULL,5,1,13,1,12,1,NA,NA,1,3
47,65926614,46,female,I,11722,122,F,F,1,1.77147E+12,second,three,Passive,plausible,1digit_2addition,noisy_single_task,x5945,NA,NA,x5946,NA,NA,x5947,NA,NA,*,NA,NA,NULL,7,NA,5,NA,10,NA,NA,NA,NA,0
44,65926614,46,female,I,11781,101,F,F,1,1.77147E+12,second,three,Passive,implausible,1digit_2addition,noisy_single_task,x6181,NA,NA,x6182,NA,NA,x6183,NA,NA,*,NA,NA,NULL,17,NA,6,NA,5,NA,NA,NA,NA,0
46,65926614,46,female,I,11721,121,F,F,1,1.77147E+12,second,three,Passive,plausible,1digit_2addition,dual_task,x5941,14,3173,x5942,11,2718,x5943,10,3036,*,NA,NA,NULL,14,1,11,1,10,1,NA,NA,1,3
88,65926614,46,female,I,8701,541,J,J,1,1.77147E+12,first,three,ExperienerSubject,plausible,1digit_2addition,dual_task,x4101,16,7757,x4102,15,3447,x4103,16,2979,*,NA,NA,NULL,16,1,15,1,16,1,NA,NA,1,3
43,65926614,46,female,I,11762,82,F,J,0,1.77147E+12,first,three,Passive,implausible,1digit_2addition,dual_task,x6105,10,4086,x6106,8,2676,x6107,15,6550,*,NA,NA,NULL,10,1,8,1,15,1,NA,NA,1,3
38,65926614,46,female,I,7801,41,J,J,1,1.77147E+12,first,three,Transitive,implausible,1digit_2addition,noisy_single_task,x481,NA,NA,x482,NA,NA,x483,NA,NA,*,NA,NA,NULL,10,NA,11,NA,11,NA,NA,NA,NA,0
63,65926614,46,female,I,8282,282,J,J,1,1.77147E+12,first,three,DativeConstruction,implausible,1digit_2addition,single_task,the,NA,NA,extremist.,NA,NA,*,NA,NA,*,NA,NA,NULL,NA,NA,NA,NA,NA,NA,NA,NA,NA,0
49,65926614,46,female,I,7982,142,J,J,1,1.77147E+12,first,three,Passive,implausible,1digit_2addition,dual_task,x1205,4,2461,x1206,7,2206,x1207,14,2511,*,NA,NA,NULL,4,1,7,1,14,1,NA,NA,1,3
40,65926614,46,female,I,7741,61,J,J,1,1.77147E+12,first,three,Transitive,plausible,1digit_2addition,dual_task,x241,7,4218,x242,15,6940,x243,11,2466,*,NA,NA,NULL,7,1,15,1,11,1,NA,NA,1,3
58,65926614,46,female,I,12001,241,F,J,0,1.77147E+12,first,three,DativeConstruction,plausible,1digit_2addition,dual_task,x7061,12,2647,x7062,15,2996,x7063,13,2686,*,NA,NA,NULL,12,1,15,1,13,1,NA,NA,1,3
86,65926614,46,female,I,8761,521,J,J,1,1.77147E+12,first,three,ExperienerSubject,implausible,1digit_2addition,noisy_single_task,x4341,NA,NA,x4342,NA,NA,x4343,NA,NA,*,NA,NA,NULL,13,NA,6,NA,11,NA,NA,NA,NA,0
34,65926614,46,female,I,11521,1,F,J,0,1.77147E+12,first,three,Transitive,plausible,1digit_2addition,dual_task,x5141,10,3285,x5142,14,2906,x5143,11,2552,*,NA,NA,NULL,10,1,14,1,11,1,NA,NA,1,3
59,65926614,46,female,I,12002,242,F,J,0,1.77147E+12,first,three,DativeConstruction,plausible,1digit_2addition,noisy_single_task,x7065,NA,NA,x7066,NA,NA,x7067,NA,NA,*,11,10325,NULL,11,NA,13,NA,10,NA,NA,NA,NA,0
41,65926614,46,female,I,7742,62,J,F,0,5673,first,three,Transitive,plausible,1digit_2addition,noisy_single_task,x245,NA,NA,x246,NA,NA,x247,NA,NA,*,11,10325,NULL,9,NA,7,NA,6,NA,NA,NA,NA,0
89,88919230,26,female,K,8782,542,J,F,0,2715,second,three,ExperienerSubject,implausible,1digit_2addition,single_task,the,NA,NA,*,NA,NA,*,NA,NA,*,NA,NA,NULL,NA,NA,NA,NA,NA,NA,NA,NA,NA,0
61,88919230,26,female,K,12022,262,F,J,0,3079,second,three,DativeConstruction,plausible,1digit_2addition,noisy_single_task,x7145,NA,NA,x7146,NA,NA,x7147,NA,NA,*,NA,NA,NULL,14,NA,13,NA,7,NA,NA,NA,NA,0
41,88919230,26,female,K,7822,62,J,J,1,1928,second,three,Transitive,implausible,1digit_2addition,single_task,the,NA,NA,*,NA,NA,*,NA,NA,*,NA,NA,NULL,NA,NA,NA,NA,NA,NA,NA,NA,NA,0
65,88919230,26,female,K,8302,302,J,J,1,3226,second,three,DativeConstruction,implausible,1digit_2addition,single_task,the,NA,NA,pastor.,NA,NA,*,NA,NA,*,NA,NA,NULL,NA,NA,NA,NA,NA,NA,NA,NA,NA,0
43,88919230,26,female,K,7842,82,J,J,1,1485,third,three,Passive,plausible,1digit_2addition,noisy_single_task,x645,NA,NA,x646,NA,NA,x647,NA,NA,*,NA,NA,NULL,14,NA,11,NA,9,NA,NA,NA,NA,0
59,88919230,26,female,K,12082,242,F,J,0,5465,second,three,DativeConstruction,implausible,1digit_2addition,single_task,the,NA,NA,protagonist.,NA,NA,*,NA,NA,*,NA,NA,NULL,NA,NA,NA,NA,NA,NA,NA,NA,NA,0
38,88919230,26,female,K,11561,41,F,F,1,2370,third,three,Transitive,plausible,1digit_2addition,single_task,the,NA,NA,*,NA,NA,*,NA,NA,*,NA,NA,NULL,NA,NA,NA,NA,NA,NA,NA,NA,NA,0
36,88919230,26,female,K,11541,21,F,F,1,2937,second,three,Transitive,plausible,1digit_2addition,dual_task,x5221,14,3188,x5222,13,3772,x5223,12,2176,*,NA,NA,NULL,14,1,13,1,12,1,NA,NA,1,3
44,88919230,26,female,K,7861,101,J,J,1,2151,first,three,Passive,plausible,1digit_2addition,single_task,art,NA,NA,*,NA,NA,*,NA,NA,*,NA,NA,NULL,NA,NA,NA,NA,NA,NA,NA,NA,NA,0
40,88919230,26,female,K,7821,61,J,J,1,1944,second,three,Transitive,implausible,1digit_2addition,noisy_single_task,x561,NA,NA,x562,NA,NA,x563,NA,NA,*,NA,NA,NULL,12,NA,11,NA,8,NA,NA,NA,NA,0
87,88919230,26,female,K,8762,522,J,F,0,2702,first,three,ExperienerSubject,implausible,1digit_2addition,dual_task,x4345,7,1906,x4346,18,2098,x4347,11,2543,*,NA,NA,NULL,7,1,18,1,11,1,NA,NA,1,3
84,88919230,26,female,K,12501,501,F,J,0,3242,second,three,ExperienerSubject,plausible,1digit_2addition,dual_task,x9081,5,1507,x9082,10,1972,x9083,10,2574,*,NA,NA,NULL,5,1,10,1,10,1,NA,NA,1,3
46,88919230,26,female,K,11801,121,F,F,1,1904,third,three,Passive,implausible,1digit_2addition,noisy_single_task,x6261,NA,NA,x6262,NA,NA,x6263,NA,NA,*,NA,NA,NULL,8,NA,14,NA,8,NA,NA,NA,NA,0
45,88919230,26,female,K,11782,102,F,J,0,2381,second,three,Passive,implausible,1digit_2addition,dual_task,x6185,16,5311,x6186,6,1935,x6187,13,6144,*,NA,NA,NULL,16,1,6,1,13,1,NA,NA,1,3
35,88919230,26,female,K,11602,2,F,F,1,2540,second,three,Transitive,implausible,1digit_2addition,single_task,the,NA,NA,*,NA,NA,*,NA,NA,*,NA,NA,NULL,NA,NA,NA,NA,NA,NA,NA,NA,NA,0
82,88919230,26,female,K,12561,481,F,F,1,1886,second,three,ExperienerSubject,implausible,1digit_2addition,noisy_single_task,x9321,NA,NA,x9322,NA,NA,x9323,NA,NA,*,NA,NA,NULL,7,NA,12,NA,8,NA,NA,NA,NA,0
86,88919230,26,female,K,12521,521,F,F,1,1781,third,three,ExperienerSubject,plausible,1digit_2addition,single_task,the,NA,NA,*,NA,NA,*,NA,NA,*,NA,NA,NULL,NA,NA,NA,NA,NA,NA,NA,NA,NA,0
85,88919230,26,female,K,12502,502,F,F,1,3589,second,three,ExperienerSubject,plausible,1digit_2addition,noisy_single_task,x9085,NA,NA,x9086,NA,NA,x9087,NA,NA,*,NA,NA,NULL,17,NA,12,NA,11,NA,NA,NA,NA,0
88,88919230,26,female,K,8781,541,J,J,1,1884,second,three,ExperienerSubject,implausible,1digit_2addition,noisy_single_task,x4421,NA,NA,x4422,NA,NA,x4423,NA,NA,*,NA,NA,NULL,13,NA,10,NA,11,NA,NA,NA,NA,0
62,88919230,26,female,K,12041,281,F,F,1,3967,third,three,DativeConstruction,plausible,1digit_2addition,single_task,the,NA,NA,department.,NA,NA,*,NA,NA,*,NA,NA,NULL,NA,NA,NA,NA,NA,NA,NA,NA,NA,0
47,88919230,26,female,K,11802,122,F,F,1,4086,third,three,Passive,implausible,1digit_2addition,single_task,the,NA,NA,*,NA,NA,*,NA,NA,*,NA,NA,NULL,NA,NA,NA,NA,NA,NA,NA,NA,NA,0
60,88919230,26,female,K,12021,261,F,J,0,4871,second,three,DativeConstruction,plausible,1digit_2addition,dual_task,x7141,11,4759,x7142,9,1758,x7143,16,2440,*,NA,NA,NULL,11,1,9,1,16,1,NA,NA,1,3
83,88919230,26,female,K,12562,482,F,F,1,2623,second,three,ExperienerSubject,implausible,1digit_2addition,single_task,the,NA,NA,*,NA,NA,*,NA,NA,*,NA,NA,NULL,NA,NA,NA,NA,NA,NA,NA,NA,NA,0
64,88919230,26,female,K,8301,301,J,J,1,2381,second,three,DativeConstruction,implausible,1digit_2addition,noisy_single_task,x2501,NA,NA,x2502,NA,NA,x2503,NA,NA,*,NA,NA,NULL,6,NA,11,NA,13,NA,NA,NA,NA,0
58,88919230,26,female,K,12081,241,F,J,0,2253,second,three,DativeConstruction,implausible,1digit_2addition,noisy_single_task,x7381,NA,NA,x7382,NA,NA,x7383,NA,NA,*,NA,NA,NULL,7,NA,2,NA,7,NA,NA,NA,NA,0
49,88919230,26,female,K,11742,142,F,F,1,2302,third,three,Passive,plausible,1digit_2addition,noisy_single_task,x6025,NA,NA,x6026,NA,NA,x6027,NA,NA,*,NA,NA,NULL,10,NA,12,NA,8,NA,NA,NA,NA,0
48,88919230,26,female,K,11741,141,F,F,1,2865,third,three,Passive,plausible,1digit_2addition,dual_task,x6021,5,2144,x6022,15,2521,x6023,10,2381,*,NA,NA,NULL,5,1,15,1,10,1,NA,NA,1,3
34,88919230,26,female,K,11601,1,F,J,0,3190,second,three,Transitive,implausible,1digit_2addition,noisy_single_task,x5461,NA,NA,x5462,NA,NA,x5463,NA,NA,*,NA,NA,NULL,8,NA,16,NA,11,NA,NA,NA,NA,0
37,88919230,26,female,K,11542,22,F,F,1,2389,second,three,Transitive,plausible,1digit_2addition,noisy_single_task,x5225,NA,NA,x5226,NA,NA,x5227,NA,NA,*,NA,NA,NULL,10,NA,12,NA,7,NA,NA,NA,NA,0
63,88919230,26,female,K,8282,282,J,J,1,1730,first,three,DativeConstruction,implausible,1digit_2addition,dual_task,x2425,7,1695,x2426,4,2216,x2427,12,1860,*,NA,NA,NULL,7,1,4,1,12,1,NA,NA,1,3
63,3214170,32,male,L,12042,282,F,F,1,4551,third,three,DativeConstruction,plausible,1digit_2addition,single_task,the,NA,NA,students.,NA,NA,*,NA,NA,*,NA,NA,NULL,NA,NA,NA,NA,NA,NA,NA,NA,NA,0
45,3214170,32,male,L,7862,102,J,J,1,4342,first,three,Passive,plausible,1digit_2addition,single_task,character,NA,NA,*,NA,NA,*,NA,NA,*,NA,NA,NULL,NA,NA,NA,NA,NA,NA,NA,NA,NA,0
36,3214170,32,male,L,11621,21,F,F,1,3840,third,three,Transitive,implausible,1digit_2addition,single_task,the,NA,NA,*,NA,NA,*,NA,NA,*,NA,NA,NULL,NA,NA,NA,NA,NA,NA,NA,NA,NA,0
89,3214170,32,male,L,8782,542,J,J,1,4213,second,three,ExperienerSubject,implausible,1digit_2addition,noisy_single_task,x4425,NA,NA,x4426,NA,NA,x4427,NA,NA,*,NA,NA,NULL,7,NA,11,NA,13,NA,NA,NA,NA,0
84,3214170,32,male,L,12581,501,F,F,1,5037,third,three,ExperienerSubject,implausible,1digit_2addition,single_task,the,NA,NA,*,NA,NA,*,NA,NA,*,NA,NA,NULL,NA,NA,NA,NA,NA,NA,NA,NA,NA,0
48,3214170,32,male,L,11821,141,F,F,1,4178,first,three,Passive,implausible,1digit_2addition,single_task,poacher,NA,NA,*,NA,NA,*,NA,NA,*,NA,NA,NULL,NA,NA,NA,NA,NA,NA,NA,NA,NA,0
41,3214170,32,male,L,7822,62,J,J,1,5086,second,three,Transitive,implausible,1digit_2addition,noisy_single_task,x565,NA,NA,x566,NA,NA,x567,NA,NA,*,NA,NA,NULL,13,NA,6,NA,10,NA,NA,NA,NA,0
83,3214170,32,male,L,12562,482,F,F,1,2975,second,three,ExperienerSubject,implausible,1digit_2addition,noisy_single_task,x9325,NA,NA,x9326,NA,NA,x9327,NA,NA,*,NA,NA,NULL,2,NA,11,NA,5,NA,NA,NA,NA,0
61,3214170,32,male,L,12022,262,F,J,0,6048,second,three,DativeConstruction,plausible,1digit_2addition,dual_task,x7145,14,4775,x7146,13,3099,x7147,7,2824,*,NA,NA,NULL,14,1,13,1,7,1,NA,NA,1,3
59,3214170,32,male,L,12082,242,F,F,1,7603,second,three,DativeConstruction,implausible,1digit_2addition,noisy_single_task,x7385,NA,NA,x7386,NA,NA,x7387,NA,NA,*,NA,NA,NULL,10,NA,15,NA,9,NA,NA,NA,NA,0
62,3214170,32,male,L,12041,281,F,F,1,5324,third,three,DativeConstruction,plausible,1digit_2addition,noisy_single_task,x7221,NA,NA,x7222,NA,NA,x7223,NA,NA,*,NA,NA,NULL,17,NA,6,NA,11,NA,NA,NA,NA,0
44,3214170,32,male,L,7861,101,J,F,0,6152,first,three,Passive,plausible,1digit_2addition,noisy_single_task,x721,NA,NA,x722,NA,NA,x723,NA,NA,*,NA,NA,NULL,17,NA,6,NA,15,NA,NA,NA,NA,0
42,3214170,32,male,L,7921,81,J,J,1,6097,first,three,Passive,implausible,1digit_2addition,single_task,patrolman,NA,NA,*,NA,NA,*,NA,NA,*,NA,NA,NULL,NA,NA,NA,NA,NA,NA,NA,NA,NA,0
37,3214170,32,male,L,11542,22,F,F,1,5958,second,three,Transitive,plausible,1digit_2addition,dual_task,x5225,10,6608,x5226,12,3010,x5227,7,4693,*,NA,NA,NULL,10,1,12,1,7,1,NA,NA,1,3
58,3214170,32,male,L,12081,241,F,J,0,5750,second,three,DativeConstruction,implausible,1digit_2addition,dual_task,x7381,7,2889,x7382,2,2828,x7383,7,3203,*,NA,NA,NULL,7,1,2,1,7,1,NA,NA,1,3
35,3214170,32,male,L,11602,2,F,F,1,4138,second,three,Transitive,implausible,1digit_2addition,noisy_single_task,x5465,NA,NA,x5466,NA,NA,x5467,NA,NA,*,NA,NA,NULL,10,NA,6,NA,11,NA,NA,NA,NA,0
86,3214170,32,male,L,12521,521,F,F,1,4296,third,three,ExperienerSubject,plausible,1digit_2addition,noisy_single_task,x9161,NA,NA,x9162,NA,NA,x9163,NA,NA,*,NA,NA,NULL,14,NA,9,NA,13,NA,NA,NA,NA,0
38,3214170,32,male,L,11561,41,F,F,1,5542,third,three,Transitive,plausible,1digit_2addition,noisy_single_task,x5301,NA,NA,x5302,NA,NA,x5303,NA,NA,*,NA,NA,NULL,9,NA,10,NA,10,NA,NA,NA,NA,0
87,3214170,32,male,L,12522,522,F,F,1,3210,third,three,ExperienerSubject,plausible,1digit_2addition,single_task,the,NA,NA,*,NA,NA,*,NA,NA,*,NA,NA,NULL,NA,NA,NA,NA,NA,NA,NA,NA,NA,0
49,3214170,32,male,L,11742,142,F,F,1,4717,third,three,Passive,plausible,1digit_2addition,dual_task,x6025,10,4439,x6026,12,4877,x6027,8,6420,*,NA,NA,NULL,10,1,12,1,8,1,NA,NA,1,3
64,3214170,32,male,L,8301,301,J,J,1,7843,second,three,DativeConstruction,implausible,1digit_2addition,dual_task,x2501,6,3849,x2502,11,2957,x2503,13,3259,*,NA,NA,NULL,6,1,11,1,13,1,NA,NA,1,3
47,3214170,32,male,L,11802,122,F,F,1,3763,third,three,Passive,implausible,1digit_2addition,noisy_single_task,x6265,NA,NA,x6266,NA,NA,x6267,NA,NA,*,NA,NA,NULL,14,NA,10,NA,6,NA,NA,NA,NA,0
40,3214170,32,male,L,7821,61,J,J,1,4629,second,three,Transitive,implausible,1digit_2addition,dual_task,x561,12,3547,x562,11,4362,x563,8,2750,*,NA,NA,NULL,12,1,11,1,8,1,NA,NA,1,3
88,3214170,32,male,L,8781,541,J,F,0,6823,second,three,ExperienerSubject,implausible,1digit_2addition,dual_task,x4421,13,5767,x4422,10,2954,x4423,11,2793,*,NA,NA,NULL,13,1,10,1,11,1,NA,NA,1,3
43,3214170,32,male,L,7842,82,J,J,1,5946,third,three,Passive,plausible,1digit_2addition,dual_task,x645,14,3894,x646,11,3044,x647,9,3206,*,NA,NA,NULL,14,1,11,1,9,1,NA,NA,1,3
39,3214170,32,male,L,11562,42,F,F,1,4737,third,three,Transitive,plausible,1digit_2addition,single_task,the,NA,NA,*,NA,NA,*,NA,NA,*,NA,NA,NULL,NA,NA,NA,NA,NA,NA,NA,NA,NA,0
85,3214170,32,male,L,12502,502,F,F,1,9063,second,three,ExperienerSubject,plausible,1digit_2addition,dual_task,x9085,17,3217,x9086,12,2592,x9087,11,2854,*,NA,NA,NULL,17,1,12,1,11,1,NA,NA,1,3
65,3214170,32,male,L,8302,302,J,J,1,4311,second,three,DativeConstruction,implausible,1digit_2addition,noisy_single_task,x2505,NA,NA,x2506,NA,NA,x2507,NA,NA,*,NA,NA,NULL,13,NA,6,NA,12,NA,NA,NA,NA,0
82,3214170,32,male,L,12561,481,F,F,1,9695,second,three,ExperienerSubject,implausible,1digit_2addition,dual_task,x9321,7,3044,x9322,12,4045,x9323,8,2654,*,NA,NA,NULL,7,1,12,1,8,1,NA,NA,1,3
60,3214170,32,male,L,12101,261,F,F,1,4146,third,three,DativeConstruction,implausible,1digit_2addition,single_task,the,NA,NA,money,NA,NA,*,NA,NA,*,NA,NA,NULL,NA,NA,NA,NA,NA,NA,NA,NA,NA,0